date_id,full_date,day_name,day_of_week,week_of_year,month_number,month_name,quarter,year,is_weekend
20210101,2021-01-01,Friday,5,53,1,January,1,2021,0
20210102,2021-01-02,Saturday,6,53,1,January,1,2021,1
20210103,2021-01-03,Sunday,7,53,1,January,1,2021,1
20210104,2021-01-04,Monday,1,1,1,January,1,2021,0
20210105,2021-01-05,Tuesday,2,1,1,January,1,2021,0
20210106,2021-01-06,Wednesday,3,1,1,January,1,2021,0
20210107,2021-01-07,Thursday,4,1,1,January,1,2021,0
20210108,2021-01-08,Friday,5,1,1,January,1,2021,0
20210109,2021-01-09,Saturday,6,1,1,January,1,2021,1
20210110,2021-01-10,Sunday,7,1,1,January,5,2021,1
20210111,2021-01-11,Monday,1,2,1,January,1,2021,0
20210112,2021-01-12,Tuesday,2,2,1,January,1,2021,0
20210113,2021-01-13,Wednesday,3,2,1,January,1,2021,0
20210114,2021-01-14,Thursday,4,2,1,January,1,2021,0
20210115,2021-01-15,Friday,5,2,1,January,1,2021,0
20210116,2021-01-16,Saturday,6,2,1,January,1,2021,1
20210117,2021-01-17,Sunday,7,2,1,January,1,2021,1
20210118,2021-01-18,Monday,1,3,1,January,1,2021,0
20210119,2021-01-19,Tuesday,2,3,1,January,1,2021,0
20210120,2021-01-20,Wednesday,3,3,1,January,1,2021,0
20210121,2021-01-21,Thursday,4,3,1,January,1,2021,0
20210122,2021-01-22,Friday,5,3,1,January,1,2021,0
20210123,2021-01-23,Saturday,6,3,1,January,1,2021,1
20210124,2021-01-24,Sunday,7,3,1,January,1,2021,1
20210125,2021-01-25,Monday,1,4,1,January,1,2021,0
20210126,2021-01-26,Tuesday,2,4,1,January,1,2021,0
20210127,2021-01-27,Wednesday,3,4,1,January,1,2021,0
20210128,2021-01-28,Thursday,4,4,1,January,1,2021,0
20210129,2021-01-29,Friday,5,4,1,January,1,2021,0
20210130,2021-01-30,Saturday,6,4,1,January,1,2021,1
20210131,2021-01-31,Sunday,7,4,1,January,1,2021,1
20210201,2021-02-01,Monday,1,5,2,February,1,2021,0
20210202,2021-02-02,Tuesday,2,5,2,February,1,2021,0
20210203,2021-02-03,Wednesday,3,5,2,February,1,2021,0
20210204,2021-02-04,Thursday,4,5,2,February,1,2021,0
20210205,2021-02-05,Friday,5,5,2,February,1,2021,0
20210206,2021-02-06,Saturday,6,5,2,February,1,2021,1
20210207,2021-02-07,Sunday,7,5,2,February,1,2021,1
20210208,2021-02-08,Monday,1,6,2,February,1,2021,0
20210209,2021-02-09,Tuesday,2,6,2,February,1,2021,0
20210210,2021-02-10,Wednesday,3,6,2,February,1,2021,0
20210211,2021-02-11,Thursday,4,6,2,February,1,2021,0
20210212,2021-02-12,Friday,5,6,2,February,1,2021,0
20210213,2021-02-13,Saturday,6,6,2,February,1,2021,1
20210214,2021-02-14,Sunday,7,6,2,February,1,2021,1
20210215,2021-02-15,Monday,1,7,2,February,1,2020,0
20210216,2021-02-16,Tuesday,2,60,2,February,1,2021,0
20210217,2021-02-17,Wednesday,3,7,2,February,1,2021,0
20210218,2021-02-18,Thursday,4,7,2,February,1,2021,0
20210219,2021-02-19,Friday,5,7,2,February,1,2021,0
20210220,2021-02-20,Wensday,6,7,2,February,1,2021,1
20210221,2021-02-21,Sunday,7,7,2,February,1,2021,1
20210222,2021-02-22,Monday,1,8,2,February,1,2021,0
20210223,2021-02-23,Tuesday,2,8,2,February,1,2021,0
20210224,2021-02-24,Wednesday,3,8,2,February,1,2021,0
20210225,2021-02-25,Thursday,4,8,2,February,1,2021,0
20210226,2021-02-26,Friday,5,8,2,February,1,2021,0
20210227,2021-02-27,Saturday,6,8,2,February,1,2021,1
20210228,2021-02-28,Sunday,7,8,2,February,1,2021,1
20210301,2021-03-01,Thursdy,1,9,3,March,1,2021,0
20210302,2021-03-02,Tuesday,2,9,3,March,1,2021,0
20210303,2021-03-03,Wednesday,3,9,3,March,1,2021,0
20210304,2021-03-04,Thursday,4,9,3,March,1,2021,0
20210305,2021-03-05,Friday,5,9,3,March,1,2021,0
20210306,2021-03-06,Saturday,6,9,3,March,1,2021,1
20210307,2021-03-07,Sunday,7,9,3,March,1,2021,1
20210308,2021-03-08,Monday,1,10,3,March,1,2021,0
20210309,2021-03-09,Tuesday,2,10,3,March,1,2021,0
20210310,2021-03-10,Wednesday,3,10,3,March,1,2021,0
20210311,2021-03-11,Thursday,4,10,3,March,1,2021,0
20210312,2021-03-12,Friday,5,10,3,March,1,2021,0
20210313,2021-03-13,Saturday,6,10,3,March,1,2021,1
20210314,2021-03-14,Sunday,7,10,3,March,1,2021,1
20210315,2021-03-15,Monday,1,11,3,March,1,2021,0
20210316,2021-03-16,Tuesday,2,11,3,March,1,2021,0
20210317,2021-03-17,Wednesday,3,11,3,March,1,2021,0
20210318,2021-03-18,Thursday,4,11,3,March,1,2021,0
20210319,2021-03-19,Friday,5,11,3,March,1,2021,0
20210320,2021-03-20,Saturday,6,11,3,March,1,2021,1
20210321,2021-03-21,Sunday,7,11,3,March,1,2021,1
20210322,2021-03-22,Monday,1,12,3,March,1,2021,0
20210323,2021-03-23,Tuesday,2,12,3,March,1,2021,0
20210324,2021-03-24,Wednesday,3,12,3,March,1,2021,0
20210325,2021-03-25,Thursday,4,12,3,March,1,2021,0
20210326,2021-03-26,Friday,5,12,3,March,1,2021,0
20210327,2021-03-27,Saturday,6,12,3,March,1,2021,1
20210328,2021-03-28,Sunday,7,12,3,March,1,2021,1
20210329,2021-03-29,Monday,1,13,3,March,1,2021,0
20210330,2021-03-30,Tuesday,2,13,3,March,1,2021,0
20210331,2021-03-31,Wednesday,3,13,3,March,1,2021,0
20210401,2021-04-01,Thursday,4,13,4,April,2,2021,0
20210402,2021-04-02,Friday,5,13,4,April,2,2021,0
20210403,2021-04-03,Saturday,6,13,4,April,2,2021,1
20210404,2021-04-04,Sunday,7,13,4,April,2,2021,1
20210405,2021-04-05,Monday,1,14,4,April,2,2021,0
20210406,2021-04-06,Tuesday,2,14,4,April,2,2021,0
20210407,2021-04-07,Wednesday,3,14,4,April,2,2021,0
20210408,2021-04-08,Thursday,4,14,4,April,2,2021,0
20210409,2021-04-09,Friday,5,14,4,April,2,2021,0
20210410,2021-04-10,Saturday,6,14,4,April,2,2021,1
20210411,2021-04-11,Sunday,7,14,4,April,2,2021,1
20210412,2021-04-12,Monday,1,15,4,April,2,2021,0
20210413,2021-04-13,Tuesday,2,15,4,April,2,2021,0
20210414,2021-04-14,Wednesday,3,15,4,April,2,2021,0
20210415,2021-04-15,Thursday,4,15,4,April,2,2021,0
20210416,2021-04-16,Friday,5,15,4,April,2,2021,0
20210417,2021-04-17,Saturday,6,15,4,April,2,2021,1
20210418,2021-04-18,Sunday,7,15,4,April,2,2021,1
20210419,2021-04-19,Monday,1,16,4,April,2,2021,0
20210420,2021-04-20,Tuesday,2,16,4,April,2,2021,0
20210421,2021-04-21,Wednesday,3,16,4,April,2,2021,0
20210422,2021-04-22,Thursday,4,16,4,April,2,2021,0
20210423,2021-04-23,Friday,5,16,4,April,2,2021,0
20210424,2021-04-24,Saturday,6,16,4,April,2,2021,1
20210425,2021-04-25,Sunday,7,16,4,April,2,2021,1
20210426,2021-04-26,Monday,1,17,4,April,2,2021,0
20210427,2021-04-27,Tuesday,2,17,4,April,2,2021,0
20210428,2021-04-28,Wednesday,3,17,4,April,2,2021,0
20210429,2021-04-29,Thursday,4,17,4,April,2,2021,0
20210430,2021-04-30,Friday,5,17,4,April,2,2021,0
20210501,2021-05-01,Saturday,6,17,5,May,2,2021,1
20210502,2021-05-02,Sunday,7,17,5,May,2,2021,1
20210503,2021-05-03,Monday,1,18,5,May,2,2021,0
20210504,2021-05-04,Tuesday,2,18,5,May,2,2021,0
20210505,2021-05-05,Wednesday,3,18,5,May,2,2021,0
20210506,2021-05-06,Thursday,4,18,5,May,2,2021,0
20210507,2021-05-07,Friday,5,18,5,May,2,2021,0
20210508,2021-05-08,Saturday,6,18,5,May,2,2021,1
20210509,2021-05-09,Sunday,7,18,5,May,2,2020,1
20210510,2021-05-10,Monday,1,19,5,May,2,2021,0
20210511,2021-05-09,Tuesday,2,19,5,May,2,2021,0
20210512,2021-05-12,Wednesday,3,19,5,May,2,2021,0
20210513,2021-05-13,Thursday,4,19,5,May,2,2021,0
20210514,2021-05-14,Friday,5,19,5,May,2,2021,0
20210515,2021-05-15,Saturday,6,19,5,May,2,2021,1
20210516,2021-05-16,Sunday,7,19,5,May,2,2021,1
20210517,2021-05-17,Monday,1,20,5,May,2,2021,0
20210518,2021-05-18,Tuesday,2,20,5,May,2,2021,0
20210519,2021-05-19,Wednesday,3,20,5,May,2,2021,0
20210520,2021-05-20,thursday,4,20,5,May,2,2021,0
20210521,2021-05-21,Friday,5,20,5,May,2,2021,0
20210522,2021-05-22,Saturday,6,20,5,May,2,2021,1
20210523,2021-05-23,Sunday,7,20,5,May,2,2021,1
20210524,2021-05-24,Monday,1,21,5,May,2,2021,0
20210525,2021-05-25,Tuesday,2,21,5,May,2,2021,0
20210526,2021-05-26,Wednesday,3,21,5,May,2,2021,0
20210527,2021-05-27,Thursday,4,21,5,May,2,2021,0
20210528,2021-05-28,Friday,5,21,5,May,2,2021,0
20210529,2021-05-29,Saturday,6,21,5,May,2,2021,1
20210530,2021-05-30,Sunday,7,21,5,May,2,2021,1
20210531,2021-05-31,Monday,1,22,5,May,2,2021,0
20210601,2021-06-01,Tuesday,2,22,6,June,2,2021,0
20210602,2021-06-02,Wednesday,3,22,6,June,2,2021,0
20210603,2021-06-03,Thursday,4,22,6,June,2,2021,0
20210604,2021-06-04,Friday,5,22,6,June,2,2021,0
20210605,2021-06-05,Saturday,6,22,6,June,2,2021,1
20210606,2021-06-06,Sunday,7,22,6,June,2,2021,1
20210607,2021-06-07,Monday,1,23,6,June,2,2021,0
20210608,2021-06-08,Tuesday,2,23,6,June,2,2021,0
20210609,2021-06-09,Wednesday,3,23,6,June,2,2021,0
20210610,2021-06-10,Thursday,4,23,15,June,2,2021,0
20210611,2021-06-11,Friday,5,23,6,June,2,2021,0
20210612,2021-06-12,Saturday,6,23,6,June,2,2021,1
20210613,2021-06-13,Sunday,7,23,6,June,2,2021,1
20210614,2021-06-14,Monday,1,24,6,June,2,2021,0
20210615,2021-06-15,Tuesday,2,24,6,June,2,2021,0
20210616,2021-06-16,Wednesday,3,24,6,June,2,2021,0
20210617,2021-06-17,Thursday,4,24,6,June,2,2021,0
20210618,2021-06-18,Friday,5,24,6,June,2,2021,0
20210619,2021-06-19,Saturday,6,24,6,June,2,2021,1
20210620,2021-06-20,Sunday,7,24,6,June,2,2021,1
20210621,2021-06-21,Monday,1,25,6,June,2,2021,0
20210622,2021-06-22,Tuesday,2,25,6,June,2,2021,0
20210623,2021-06-23,Wednesday,3,25,6,June,2,2021,0
20210624,2021-06-24,Thursday,4,25,6,June,2,2021,0
20210625,2021-06-25,Friday,5,25,6,June,2,2021,0
20210626,2021-06-26,Saturday,6,25,6,June,2,2021,1
20210627,2021-06-27,Sunday,7,25,6,June,2,2021,1
20210627,2021-06-28,Monday,1,26,6,June,2,2021,0
20210629,2021-06-29,Tuesday,2,26,6,June,2,2021,0
20210630,2021-06-30,Wednesday,3,26,6,June,2,2021,0
20210701,2021-07-01,Thursday,4,26,7,July,3,2021,0
20210702,2021-07-02,Friday,5,26,7,July,3,2021,0
20210703,2021-07-03,Saturday,6,26,7,July,3,2021,9
20210704,2021-07-04,Sunday,7,26,7,July,3,2021,1
20210705,2021-07-05,Monday,1,27,7,July,0,2021,0
20210706,2021-07-06,Tuesday,2,27,7,July,3,2021,0
20210707,2021-07-07,Wednesday,3,27,7,July,3,2021,0
20210708,2021-07-08,Thursday,4,27,13,July,3,2021,0
20210709,2021-07-09,Friday,5,27,7,July,3,2021,0
20210710,2021-07-10,Saturday,6,27,7,July,3,2021,1
20210711,2021-07-11,Sunday,7,27,7,July,3,2021,1
20210712,2021-07-12,Monday,1,28,7,July,3,2021,0
20210713,2021-07-13,Tuesday,2,28,7,July,3,2021,0
20210714,2021-07-14,Wednesday,3,28,7,July,3,2021,-1
20210715,2021-07-15,Thursday,4,28,7,July,3,2021,0
20210716,2021-07-16,Friday,5,28,7,July,3,2021,0
20210717,2021-07-17,Saturday,6,28,7,July,3,2021,1
20210718,2021-07-18,Sunday,7,28,7,July,3,2021,1
20210719,2021-07-19,Monday,1,29,7,July,3,2021,0
20210720,2021-07-20,Tuesday,2,29,7,July,3,2021,0
20210721,2021-07-21,Wednesday,3,29,7,July,3,2021,0
20210722,2021-07-22,Thursday,4,29,7,July,3,2021,0
20210723,2021-07-23,Friday,5,29,7,July,3,2021,0
20210724,2021-07-24,Saturday,6,29,7,July,3,2021,1
20210725,2021-07-25,Sunday,7,29,7,July,3,2021,1
20210726,2021-07-26,Thursdy,1,30,7,July,3,2021,0
20210727,2021-07-27,Tuesday,2,30,7,July,3,2021,0
20210728,2021-07-28,Wednesday,3,30,7,July,3,2021,0
20210729,2021-07-29,Thursday,4,30,7,July,3,2021,0
20210730,2021-07-30,Friday,5,60,7,July,3,2021,0
20210731,2021-07-31,Saturday,6,30,7,July,3,2021,1
20210801,2021-08-01,Sunday,7,30,8,August,3,2021,1
20210802,2021-08-02,Monday,1,31,8,August,3,2021,0
20210803,2021-08-03,Tuesday,2,31,8,August,3,2021,0
20210804,2021-08-04,Wednesday,3,31,8,August,3,2021,0
20210805,2021-08-05,Thursday,4,31,8,August,3,2021,0
20210806,2021-08-06,Friday,5,31,8,August,3,2021,0
20210807,2021-08-07,Saturday,6,31,8,August,3,2021,1
20210808,2021-08-08,Sunday,7,31,8,August,3,2021,1
20210809,2021-08-09,Monday,1,32,8,August,3,2021,0
20210810,2021-08-10,Tuesday,2,32,8,August,3,2021,0
20210811,2021-08-11,Wednesday,3,32,8,August,3,2021,0
20210812,2021-08-12,Thursday,4,32,8,August,3,2021,0
20210813,2021-08-13,Friday,5,32,8,August,3,2021,0
20210814,2021-08-14,Saturday,6,32,8,August,3,2021,1
20210815,2021-08-15,Sunday,7,32,8,August,3,2021,1
20210816,2021-08-16,Monday,1,33,8,August,3,2021,0
20210817,2021-08-17,Tuesday,2,33,8,August,3,2021,0
20210818,2021-08-18,Wednesday,3,33,8,August,3,2021,0
20210819,2021-08-19,Thursday,4,33,8,August,3,2021,0
20210820,2021-08-20,Friday,5,33,8,August,3,2021,0
20210821,2021-08-21,Saturday,6,33,8,August,3,2021,1
20210822,2021-08-22,Sunday,7,33,8,August,3,2021,1
20210823,2021-08-23,Monday,1,34,8,August,3,2021,0
20210824,2021-08-24,Tuesday,2,34,8,August,3,2021,0
20210825,2021-08-25,Wednesday,3,34,8,August,3,2021,0
20210826,2021-08-26,Thursday,4,34,8,August,3,2021,0
20210827,2021-08-27,Friday,5,34,8,August,3,2021,0
20210828,2021-08-28,Saturday,6,34,8,August,3,2021,1
20210829,2021-08-29,Sunday,7,34,8,August,3,2021,1
20210830,2021-08-30,Monday,1,35,8,August,3,2021,0
20210831,2021-08-31,Tuesday,2,35,8,August,3,2021,0
20210901,2021-09-01,Wednesday,3,35,9,September,3,2021,0
20210902,2021-09-02,Thursday,4,35,9,September,3,2021,0
20210903,2021-09-03,Friday,5,35,9,September,3,2021,0
20210904,2021-09-04,Saturday,6,35,9,September,3,2021,1
20210905,2021-09-05,Sunday,7,35,9,September,3,2021,1
20210906,2021-09-06,Monday,1,36,9,September,3,2021,0
20210907,2021-09-07,Tuesday,2,36,9,September,3,2021,0
20210908,2021-09-08,Wednesday,3,36,9,September,3,2021,0
20210909,2021-09-09,Thursday,4,36,9,September,3,2021,0
20210910,2021-09-10,Friday,5,36,9,September,3,2021,0
20210911,2021-09-11,Saturday,6,36,9,September,3,2021,1
20210912,2021-09-12,Sunday,7,36,9,September,3,2021,1
20210913,2021-09-13,Monday,1,37,9,September,3,2021,0
20210914,2021-09-14,Tuesday,2,37,9,September,3,2021,0
20210915,2021-09-15,Wednesday,3,37,9,September,3,2021,0
20210916,2021-09-16,Thursday,4,37,9,September,3,2021,0
20210917,2021-09-17,Friday,5,37,9,September,3,2021,0
20210918,2021-09-18,Saturday,6,37,9,September,3,2021,1
20210919,2021-09-19,Sunday,7,37,9,September,3,2021,1
20210920,2021-09-20,Monday,1,38,9,September,3,2021,0
20210921,2021-09-21,Tuesday,2,38,9,September,3,2021,0
20210922,2021-09-22,Wednesday,3,38,9,September,3,2021,0
20210923,2021-09-23,Thursday,4,38,9,September,3,2021,0
20210924,2021-09-24,Friday,5,38,9,September,3,2021,0
20210925,2021-09-25,Saturday,6,38,9,September,3,2021,1
20210926,2021-09-26,Sunday,7,38,9,September,3,2021,1
20210927,2021-09-27,Monday,1,39,9,September,3,2021,0
20210928,2021-09-28,Tuesday,2,39,9,September,3,2021,0
20210929,2021-09-29,Wednesday,3,39,9,September,3,2021,0
20210930,2021-09-30,Thursday,4,39,13,September,3,2021,0
20211001,2021-10-01,Friday,5,39,10,October,4,2021,0
20211002,2021-10-02,Saturday,6,39,10,October,4,2021,1
20211003,2021-10-03,Sunday,7,39,10,October,4,2021,1
20211004,2021-10-04,Monday,1,40,10,October,4,2021,0
20211005,2021-10-05,Tuesday,2,40,10,October,4,2021,0
20211006,2021-10-06,Wednesday,3,40,10,October,4,2021,0
20211007,2021-10-07,Thursday,4,40,10,October,4,2021,0
20211008,2021-10-08,Friday,5,40,10,October,4,2021,0
20211009,2021-10-09,Saturday,6,40,10,October,4,2021,1
20211010,2021-10-10,Wensday,7,40,10,October,4,2021,1
20211011,2021-10-11,Monday,1,41,10,october,4,2021,0
20211012,2021-10-12,Tuesday,2,41,10,October,4,2021,0
20211013,2021-10-13,Wednesday,3,41,10,October,4,2021,0
20211014,2021-10-14,Thursday,4,41,10,October,4,2021,0
20211015,2021-10-15,Friday,5,41,10,October,4,2021,0
20211016,2021-10-16,Saturday,6,41,10,October,4,2021,1
20211017,2021-10-17,Sunday,7,41,10,October,4,2021,1
20211018,2021-10-18,Monday,1,42,10,October,4,2021,0
20211019,2021-10-19,Tuesday,2,42,10,October,4,2021,0
20211020,2021-10-20,Wednesday,3,42,10,October,4,2021,0
20211021,2021-10-21,Thursday,4,42,10,October,4,2021,0
20211022,2021-10-22,Friday,5,42,10,October,4,2021,0
20211023,2021-10-23,Saturday,6,42,10,October,4,2021,1
20211024,2021-10-24,Sunday,7,42,10,October,4,2021,1
20211025,2021-10-25,Monday,1,43,10,October,4,2021,0
20211026,2021-10-26,Tuesday,2,43,10,October,4,2021,0
20211027,2021-10-27,Wednesday,3,43,10,October,4,2021,0
20211028,2021-10-28,Thursday,4,43,10,October,4,2021,0
20211029,2021-10-29,Friday,5,43,10,October,4,2021,0
20211030,2021-10-30,Saturday,6,43,10,October,4,2021,1
20211031,2021-10-31,Sunday,7,43,10,October,4,2021,1
20211101,2021-11-01,Monday,1,44,11,November,4,2021,0
20211102,2021-11-02,Tuesday,2,44,11,November,4,2021,0
20211103,2021-11-03,Wednesday,3,44,11,November,4,2021,0
20211104,2021-11-04,Thursday,4,44,11,November,4,2021,0
20211105,2021-11-05,Friday,5,44,11,November,4,2021,0
20211106,2021-11-06,Saturday,6,44,11,November,4,2021,1
20211107,2021-11-07,Sunday,7,44,15,November,4,2021,1
20211108,2021-11-08,Monday,1,45,11,November,4,2021,0
20211109,2021-11-09,Tuesday,2,45,11,November,4,2021,0
20211110,2021-11-10,Wednesday,3,45,11,November,4,2021,0
20211111,2021-11-11,Thursday,4,45,11,November,4,2021,0
20211112,2021-11-12,Friday,5,45,11,November,4,2021,0
20211113,2021-11-13,Saturday,6,45,11,November,4,2021,1
20211114,2021-11-14,Sunday,7,45,11,november,4,2021,1
20211115,2021-11-15,Monday,1,46,11,November,4,2021,0
20211116,2021-11-16,Tuesday,2,46,11,November,4,2021,0
20211117,2021-11-17,Wednesday,3,46,11,November,4,2021,0
20211117,2021-11-18,Thursday,4,46,11,November,4,2021,0
20211119,2021-11-19,Friday,5,46,11,November,4,2021,0
20211120,2021-11-20,Saturday,6,46,11,November,4,2021,1
20211121,2021-11-21,Sunday,7,46,11,November,4,2021,1
20211122,2021-11-22,Monday,1,47,11,November,4,2021,0
20211123,2021-11-23,Tuesday,2,47,11,November,4,2021,0
20211124,2021-11-24,Wednesday,3,47,11,November,4,2021,0
20211125,2021-11-25,Thursday,4,47,11,November,4,2021,0
20211126,2021-11-26,Friday,5,47,11,November,4,2021,0
20211127,2021-11-27,Saturday,6,47,11,November,4,2021,1
20211128,2021-11-28,Sunday,7,47,11,November,4,2021,1
20211129,2021-11-29,Monday,1,48,11,November,4,2021,0
20211130,2021-11-30,Tuesday,2,48,11,November,4,2021,0
20211201,2021-12-01,Wednesday,3,48,12,December,4,2021,0
20211202,2021-11-30,Thursday,4,48,12,December,4,2021,0
20211203,2021-12-03,Friday,5,48,12,December,4,2021,0
20211204,2021-12-04,Saturday,6,48,12,December,4,2021,1
20211205,2021-12-05,Sunday,7,48,12,December,4,2021,1
20211206,2021-12-06,Monday,1,49,12,December,4,2021,2
20211207,2021-12-07,Tuesday,2,49,12,December,4,2021,0
20211208,2021-12-08,Wednesday,3,49,12,December,4,2021,0
20211209,2021-12-09,Thursday,4,49,12,December,4,2021,0
20211210,2021-12-10,Friday,5,49,12,December,4,2021,0
20211211,2021-12-11,Saturday,6,49,12,December,4,2021,1
20211212,2021-12-12,Sunday,7,49,12,December,4,2021,1
20211213,2021-12-13,Monday,1,50,12,December,4,2021,0
20211214,2021-12-14,Tuesday,2,50,12,December,4,2021,0
20211215,2021-12-15,Wednesday,3,50,12,December,4,2021,0
20211216,2021-12-16,Thursday,4,50,12,December,4,2021,0
20211217,2021-12-17,Friday,5,50,12,December,4,2021,0
20211218,2021-12-18,Saturday,6,50,12,December,4,2021,1
20211219,2021-12-19,Sunday,7,50,12,December,4,2021,1
20211220,2021-12-20,Monday,1,51,12,December,4,2021,0
20211221,2021-12-21,Tuesday,2,51,12,December,4,2021,0
20211222,2021-12-22,Wednesday,3,51,12,December,4,2021,0
20211223,2021-12-23,Thursday,4,51,12,December,4,2021,0
20211224,2021-12-24,Friday,5,51,12,December,4,2021,0
20211225,2021-12-25,Saturday,6,51,12,December,4,2021,1
20211226,2021-12-26,Sunday,7,51,12,December,4,2021,1
20211227,2021-12-27,Monday,1,52,12,December,4,2021,0
20211228,2021-12-28,Tuesday,2,52,12,December,4,2021,0
20211229,2021-12-29,Wednesday,3,52,12,December,4,2021,0
20211230,2021-12-30,Thursday,4,52,12,December,4,2021,0
20211231,2021-12-31,Friday,5,52,12,December,4,2021,0
20220101,2022-01-01,Saturday,6,52,1,January,1,2022,1
20220102,2022-01-02,Sunday,7,52,1,January,1,2022,1
20220103,2022-01-03,Monday,1,1,1,January,1,2022,0
20220104,2022-01-04,Tuesday,2,1,1,January,1,2022,0
20220105,2022-01-05,Wednesday,3,1,1,January,1,2022,0
20220106,2022-01-06,Thursday,4,1,1,January,1,2022,0
20220107,2022-01-07,Friday,5,1,1,January,1,2022,0
20220108,2022-01-08,Saturday,6,1,1,January,1,2022,1
20220109,2022-01-09,Sunday,8,1,1,January,1,2022,1
20220110,2022-01-10,Monday,1,2,1,January,1,2022,0
20220111,2022-01-11,Tuesday,2,2,1,January,1,2022,0
20220112,2022-01-12,Wednesday,3,2,1,January,1,2022,0
20220113,2022-01-13,Thursday,4,2,1,January,1,2022,0
20220114,2022-01-14,Friday,5,2,1,January,1,2022,0
20220115,2022-01-15,Saturday,6,2,1,January,1,2022,1
20220116,2022-01-16,Sunday,7,2,1,January,1,2022,1
20220117,2022-01-17,Monday,1,3,1,January,1,2022,0
20220118,2022-01-18,Tuesday,2,3,1,January,1,2022,0
20220119,2022-01-19,Wednesday,0,3,1,January,1,2022,0
20220120,2022-01-20,Thursday,4,3,1,January,1,2022,0
20220121,2022-01-21,Friday,5,3,1,January,1,2022,0
20220122,2022-01-22,Saturday,6,3,1,January,1,2022,1
20220123,2022-01-23,Sunday,9,3,1,January,1,2022,1
20220124,2022-01-24,Monday,1,4,1,January,1,2022,0
20220125,2022-01-25,Tuesday,2,4,1,January,1,2022,0
20220126,2022-01-26,Wednesday,3,4,1,January,1,2022,0
20220127,2022-01-27,Thursday,4,4,1,January,1,2022,0
20220128,2022-01-28,Friday,5,4,1,January,1,2022,0
20220129,2022-01-29,Saturday,6,4,1,January,1,2022,1
20220130,2022-01-30,Sunday,7,4,1,January,1,2022,1
20220131,2022-01-31,Monday,1,5,1,January,1,2022,0
20220201,2022-02-01,Tuesday,2,5,2,February,1,2022,0
20220202,2022-02-02,Wednesday,3,5,2,February,1,2022,0
20220203,2022-02-03,Thursday,4,5,2,February,1,2022,0
20220204,2022-02-04,Friday,5,5,2,February,1,2022,0
20220205,2022-02-05,Saturday,6,5,2,February,1,2022,1
20220206,2022-02-06,Sunday,7,5,2,February,1,2022,1
20220207,2022-02-07,Monday,1,6,2,February,1,2022,0
20220208,2022-02-08,Tuesday,2,6,2,February,1,2022,0
20220209,2022-02-09,Wednesday,3,6,2,February,1,2022,0
20220210,2022-02-10,Thursday,4,6,2,February,1,2022,0
20220211,2022-02-11,Friday,5,6,2,February,1,2022,0
20220212,2022-02-12,Saturday,6,6,2,February,1,2022,1
20220213,2022-02-13,Sunday,7,6,2,February,1,2022,1
20220214,2022-02-14,Monday,1,7,2,February,1,2022,0
20220215,2022-02-15,Tuesday,2,7,2,February,1,2022,0
20220216,2022-02-16,Wednesday,3,7,2,February,1,2022,0
20220217,2022-02-17,Thursday,4,7,2,February,1,2022,0
20220218,2022-02-18,Friday,5,7,2,February,1,2022,0
20220219,2022-02-19,Saturday,6,7,2,February,1,2022,1
20220220,2022-02-20,Sunday,7,7,2,February,1,2022,1
20220221,2022-02-21,Monday,1,8,2,February,1,2022,0
20220222,2022-02-22,Tuesday,2,8,2,February,1,2022,0
20220223,2022-02-23,Wednesday,3,8,2,February,1,2022,0
20220224,2022-02-24,Thursday,4,8,2,February,1,2022,0
20220225,2022-02-25,Friday,5,8,2,February,1,2022,0
20220226,2022-02-26,Saturday,6,8,2,February,1,2022,1
20220227,2022-02-27,Sunday,7,8,2,February,1,2022,1
20220228,2022-02-28,Monday,1,9,2,February,1,2022,0
20220301,2022-03-01,Tuesday,2,9,3,March,1,2022,0
20220302,2022-03-02,Wednesday,3,9,3,March,1,2022,0
20220303,2022-03-03,Thursday,4,9,3,March,1,2022,0
20220304,2022-03-04,Friday,5,9,3,March,1,2022,0
20220305,2022-03-05,Saturday,6,9,3,March,1,2022,1
20220306,2022-03-06,Sunday,7,9,3,March,1,2022,1
20220307,2022-03-07,Monday,1,10,3,March,1,2022,0
20220308,2022-03-08,Tuesday,2,10,3,March,1,2022,0
20220309,2022-03-09,Wednesday,3,10,3,March,1,2022,0
20220310,2022-03-10,Thursday,4,10,3,March,1,2022,0
20220311,2022-03-11,Friday,5,10,3,March,1,2022,0
20220312,2022-03-12,Saturday,6,10,3,March,1,2022,1
20220313,2022-03-13,Sunday,7,10,3,March,1,2022,1
20220314,2022-03-14,Monday,1,11,3,March,1,2022,0
20220315,2022-03-15,Tuesday,2,11,3,March,1,2022,0
20220316,2022-03-16,Wednesday,3,11,3,March,1,2022,0
20220317,2022-03-17,Thursday,4,11,3,March,1,2022,0
20220318,2022-03-18,Friday,5,11,3,March,1,2022,0
20220319,2022-03-19,Saturday,6,11,3,March,1,2022,1
20220320,2022-03-20,Sunday,7,11,3,March,1,2022,1
20220321,2022-03-21,Monday,1,12,3,March,1,2022,0
20220322,2022-03-22,Tuesday,2,12,3,March,1,2022,0
20220323,2022-03-23,Wednesday,3,12,3,March,1,2022,0
20220324,2022-03-24,Thursday,4,12,3,March,1,2022,0
20220325,2022-03-25,Friday,5,12,3,March,1,2022,0
20220326,2022-03-26,Saturday,6,12,3,March,1,2022,1
20220327,2022-03-27,Sunday,7,12,3,March,1,2022,1
20220328,2022-03-28,Monday,1,13,3,March,1,2022,0
20220329,2022-03-29,Tuesday,2,13,3,March,1,2022,0
20220330,2022-03-30,Wednesday,3,13,3,March,1,2022,0
20220331,2022-03-31,Thursday,4,13,3,March,1,2022,0
20220401,2022-04-01,Friday,5,13,4,April,2,2022,0
20220402,2022-04-02,Saturday,6,13,4,April,2,2022,1
20220403,2022-04-03,Sunday,7,13,4,April,2,2022,1
20220404,2022-04-04,Monday,1,14,4,April,2,2022,0
20220405,2022-04-05,Tuesday,2,14,4,April,2,2022,0
20220406,2022-04-06,Wednesday,3,14,4,April,2,2022,0
20220407,2022-04-07,Thursday,4,14,4,April,2,2022,0
20220408,2022-04-08,Friday,5,14,4,April,2,2022,0
20220409,2022-04-09,Saturday,6,14,4,April,2,2022,1
20220410,2022-04-10,Sunday,7,14,4,April,2,2022,1
20220411,2022-04-11,Monday,1,15,4,April,2,2022,0
20220412,2022-04-12,Tuesday,2,15,4,April,2,2022,0
20220413,2022-04-13,Wednesday,3,15,4,April,2,2022,0
20220414,2022-04-14,Thursday,4,15,4,April,2,2022,0
20220415,2022-04-15,Friday,5,15,4,April,2,2022,0
20220416,2022-04-16,Saturday,6,15,4,April,2,2022,1
20220417,2022-04-17,Sunday,7,15,4,April,2,2022,1
20220418,2022-04-18,Monday,1,16,4,April,2,2022,0
20220419,2022-04-19,Tuesday,2,16,4,April,2,2022,0
20220420,2022-04-20,Wednesday,3,16,4,April,2,2022,0
20220421,2022-04-21,Thursday,4,16,4,April,2,2022,0
20220422,2022-04-22,Friday,5,16,4,April,2,2022,0
20220423,2022-04-23,Saturday,6,16,4,April,2,2022,1
20220424,2022-04-24,Sunday,7,16,4,April,2,2022,1
20220425,2022-04-25,Monday,1,17,4,April,2,2022,0
20220426,2022-04-26,Tuesday,2,17,4,April,2,2022,0
20220427,2022-04-27,Wednesday,3,17,4,April,2,2022,0
20220428,2022-04-28,Thursday,4,17,4,April,2,2022,0
20220429,2022-04-29,Friday,5,17,4,April,2,2022,0
20220430,2022-04-30,Saturday,6,17,4,April,2,2022,1
20220501,2022-05-01,Sunday,7,17,5,May,2,2022,1
20220502,2022-05-02,Monday,1,18,5,May,2,2022,0
20220503,2022-05-03,Tuesday,2,18,5,May,2,2022,0
20220504,2022-05-04,Wednesday,3,18,5,May,2,2022,0
20220505,2022-05-05,Thursday,4,18,5,May,2,2022,0
20220506,2022-05-06,Friday,5,18,5,May,2,2022,0
20220507,2022-05-07,Saturday,6,18,5,May,2,2022,1
20220508,2022-05-08,Sunday,7,18,5,May,2,2022,1
20220509,2022-05-09,Monday,1,19,5,May,2,2022,0
20220510,2022-05-10,Tuesday,2,19,5,May,2,2022,0
20220511,2022-05-11,Wednesday,3,19,5,May,2,2022,0
20220512,2022-05-12,Thursday,4,19,5,May,2,2022,0
20220513,2022-05-13,Friday,5,19,5,May,2,2022,0
20220514,2022-05-14,Saturday,6,19,5,May,2,2022,1
20220515,2022-05-15,Sunday,7,19,5,May,2,2022,1
20220516,2022-05-16,Monday,1,20,5,May,2,2022,0
20220517,2022-05-17,Tuesday,2,20,5,May,2,2022,0
20220518,2022-05-18,Wednesday,3,20,5,May,2,2022,0
20220519,2022-05-19,Thursday,4,20,5,May,2,2022,0
20220520,2022-05-20,Friday,5,20,5,May,0,2022,0
20220521,2022-05-21,Saturday,6,20,5,May,2,2022,1
20220522,2022-05-22,Sunday,7,20,5,May,2,2022,1
20220523,2022-05-23,Monday,1,21,5,May,2,2022,0
20220524,2022-05-24,Tuesday,2,21,5,May,2,2022,0
20220525,2022-05-25,Wednesday,3,21,5,May,2,2022,0
20220526,2022-05-26,Thursday,4,21,5,May,2,2022,0
20220527,2022-05-27,Friday,5,21,5,May,2,2022,0
20220528,2022-05-28,Saturday,6,21,5,May,2,2022,1
20220529,2022-05-29,Sunday,7,21,5,May,2,2022,1
20220530,2022-05-30,Monday,1,22,5,May,2,2022,0
20220531,2022-05-31,Tuesday,2,22,5,May,2,2022,0
20220601,2022-06-01,Wednesday,3,22,6,June,2,2022,0
20220602,2022-06-02,Thursday,4,22,6,June,2,2022,0
20220603,2022-06-03,Friday,5,22,6,June,2,2022,0
20220604,2022-06-04,Saturday,6,22,6,June,2,2022,1
20220605,2022-06-05,Sunday,7,22,6,June,2,2022,1
20220606,2022-06-06,Monday,1,23,6,June,2,2022,0
20220607,2022-06-07,Tuesday,2,23,6,June,2,2022,0
20220608,2022-06-08,Wednesday,3,23,6,June,2,2022,0
20220609,2022-06-09,Thursday,4,23,6,June,2,2022,0
20220610,2022-06-10,Friday,5,23,6,June,2,2022,0
20220611,2022-06-11,SATURDAY,6,23,6,June,2,2022,1
20220612,2022-06-12,Sunday,7,23,6,June,2,2022,1
20220613,2022-06-13,Monday,1,24,6,June,2,2022,0
20220614,2022-06-14,Tuesday,2,24,6,June,2,2022,0
20220615,2022-06-15,Wednesday,3,24,6,June,2,2022,0
20220616,2022-06-16,Thursday,4,24,6,June,2,2022,0
20220617,2022-06-17,Friday,5,24,6,June,2,2022,0
20220618,2022-06-18,Saturday,6,24,6,June,2,2022,1
20220619,2022-06-19,Sunday,7,24,6,June,2,2022,1
20220620,2022-06-20,Monday,1,25,6,June,2,2022,0
20220621,2022-06-21,Tuesday,2,25,6,June,2,2022,0
20220622,2022-06-22,Wednesday,3,25,6,June,2,2022,0
20220623,2022-06-23,Thursday,4,25,6,June,2,2022,0
20220624,2022-06-24,Friday,5,25,6,June,2,2022,0
20220625,2022-06-25,Saturday,6,25,6,June,2,2022,1
20220626,2022-06-26,Sunday,7,25,6,June,2,2022,1
20220627,2022-06-27,Monday,1,26,6,June,2,2022,0
20220628,2022-06-28,Tuesday,2,26,6,June ,2,2022,0
20220629,2022-06-29,Wednesday,3,26,6,June,2,2022,0
20220630,2022-06-30,Thursday,4,26,6,June,2,2022,0
20220701,2022-07-01,Friday,5,26,7,July,3,2022,0
20220702,2022-07-02,Saturday,6,26,7,July,3,2022,1
20220703,2022-07-03,Sunday,7,26,7,July,3,2022,1
20220704,2022-07-04,Monday,1,27,7,July,3,2022,0
20220705,2022-07-05,Tuesday,2,27,7,July,3,2022,0
20220706,2022-07-06,Wednesday,3,27,7,July,3,2022,0
20220707,2022-07-07,Thursday,4,27,7,July,3,2023,0
20220708,2022-07-08,Friday,5,27,7,July,3,2022,0
20220709,2022-07-09,Saturday,6,27,7,July,3,2022,1
20220710,2022-07-10,Sunday,7,27,7,July,3,2022,1
20220711,2022-07-11,Monday,1,28,7,July,3,2022,0
20220712,2022-07-12,Tuesday,2,54,13,July,3,2022,0
20220713,2022-07-13,Wednesday,3,28,7,July,3,2022,0
20220714,2022-07-14,Thursday,4,28,7,July,3,2022,0
20220715,2022-07-15,Friday,5,28,7,July,3,2022,0
20220716,2022-07-16,Saturday,8,28,7,July,3,2022,1
20220717,2022-07-17,Sunday,7,28,7,July,3,2022,1
20220718,2022-07-18,Monday,1,29,7,July ,3,2022,0
20220719,2022-07-19,Tuesday,2,29,7,July,3,2022,0
20220720,2022-07-20,Wednesday,3,29,7,July,3,2022,0
20220721,2022-07-21,Thursday,4,29,7,July,3,2022,0
20220722,2022-07-22,Friday,5,29,7,July,3,2022,0
20220723,2022-07-23,Saturday,6,29,7,July,3,2022,1
20220724,2022-07-24,SUNDAY,7,29,7,July,3,2022,1
20220725,2022-07-25,monday,1,30,7,July,3,2022,0
20220726,2022-07-26,Tuesday,2,30,7,July,3,2022,0
20220727,2022-07-27,Wednesday,3,30,7,July,3,2022,0
20220728,2022-07-28,Thursday,4,30,7,July,3,2022,0
20220729,2022-07-29,Friday,5,30,7,July,3,2022,0
20220730,2022-07-30,Saturday,6,30,7,July,3,2022,1
20220731,2022-08-01,Sunday,7,30,7,July,3,2022,1
20220801,2022-08-01,Monday,1,31,8,August,3,2022,0
20220802,2022-07-31,Tuesday,2,31,8,August,3,2022,0
20220803,2022-08-03,Wednesday,3,31,8,August,3,2022,0
20220804,2022-08-04,Thursday,4,31,8,August,3,2022,0
20220805,2022-08-05,Friday,5,31,8,August,3,2022,0
20220806,2022-08-06,Saturday,6,31,8,August,3,2022,1
20220807,2022-08-07,Sunday,7,31,8,August,3,2022,1
20220808,2022-08-08,Monday,1,32,8,August,3,2022,0
20220809,2022-08-09,Tuesday,2,32,8,August,3,2022,0
20220810,2022-08-11,Wednesday,3,32,8,August,3,2022,0
20220811,2022-08-11,Thursday,4,32,8,August,3,2022,0
20220812,2022-08-12,Friday,5,32,8,August,3,2022,0
20220813,2022-08-13,Saturday,6,32,8,August,3,2022,1
20220814,2022-08-14,Sunday,7,32,8,August,3,2022,1
20220815,2022-08-15,Monday,1,33,8,August,3,2022,0
20220816,2022-08-16,Tuesday,2,33,8,August,3,2022,0
20220817,2022-08-17,Wednesday,3,33,8,August,3,2022,0
20220818,2022-08-18,Thursday,4,33,8,August,3,2022,0
20220819,2022-08-19,Friday,5,33,8,August,3,2022,0
20220820,2022-08-20,Saturday,6,33,8,August,3,2022,1
20220820,2022-08-21,Sunday,7,33,8,August,3,2022,1
20220822,2022-08-22,Monday,1,34,8,August,3,2022,0
20220823,2022-08-23,Tuesday,2,34,8,August ,3,2022,0
20220824,2022-08-24,Wednesday,3,34,8,August,3,2022,0
20220825,2022-08-25,Thursday,4,34,8,August,3,2022,0
20220826,2022-08-26,Friday,5,34,8,August,3,2022,0
20220827,2022-08-27,Saturday,6,34,8,August,3,2022,1
20220828,2022-08-28,Sunday,7,34,8,August,3,2022,1
20220829,2022-08-29,Monday,1,35,8,August,3,2022,0
20220830,2022-08-30,Tuesday,2,35,8,August,3,2022,0
20220831,2022-08-31,Wednesday,3,35,8,August,3,2022,0
20220901,2022-09-01,Thursday,4,35,9,September,3,2022,0
20220902,2022-09-02,Friday,5,35,9,September,3,2022,0
20220903,2022-09-03,Saturday,6,35,9,September,3,2022,1
20220904,2022-09-04,Sunday,7,35,9,September,3,2022,1
20220905,2022-09-05,Monday,1,36,9,September,3,2022,0
20220906,2022-09-06,Thursdy,2,36,9,September,3,2022,0
20220907,2022-09-07,Wednesday,3,36,9,September,3,2022,0
20220908,2022-09-08,Thursday,4,36,9,September,3,2022,0
20220909,2022-09-09,Friday,5,36,9,September,3,2022,0
20220910,2022-09-10,Saturday,6,36,9,September,3,2022,1
20220911,2022-09-11,Sunday,7,36,9,September,3,2022,1
20220912,2022-09-12,Monday,1,37,9,September,3,2022,0
20220913,2022-09-13,Tuesday,2,37,9,September,3,2022,0
20220914,2022-09-14,Wednesday,3,37,9,September,3,2022,0
20220915,2022-09-15,Thursday,4,37,9,September,3,2022,0
20220916,2022-09-16,Friday,5,37,9,September,3,2022,0
20220917,2022-09-17,Saturday,6,37,9,September,3,2022,1
20220918,2022-09-18,Sunday,7,37,9,September,3,2022,1
20220919,2022-09-19,Monday,1,38,9,September,3,2022,0
20220920,2022-09-20,Tuesday,2,38,9,September,3,2022,0
20220921,2022-09-21,Wednesday,3,38,9,September,3,2022,0
20220922,2022-09-22,Thursday,4,38,9,September,3,2022,0
20220923,2022-09-23,Friday,5,38,9,September,3,2022,0
20220924,2022-09-24,Saturday,6,38,9,September,3,2022,1
20220925,2022-09-25,Sunday,7,38,9,September,3,2022,1
20220926,2022-09-26,Monday,1,39,9,September,3,2022,0
20220927,2022-09-27,Tuesday,2,39,9,September,3,2022,0
20220928,2022-09-28,Wednesday,3,39,9,September,3,2022,0
20220929,2022-09-29,Thursday,4,39,9,September,3,2022,0
20220930,2022-09-30,Friday,5,39,9,September,3,2022,0
20221001,2022-10-01,Saturday,6,39,10,October,4,2022,1
20221002,2022-10-02,Sunday,7,39,10,October,4,2022,1
20221003,2022-10-03,Monday,1,40,10,October,4,2022,0
20221004,2022-10-04,Tuesday,2,40,10,October,4,2022,0
20221005,2022-10-05,Wednesday,3,40,10,October,4,2022,0
20221006,2022-10-06,Thursday,4,40,10,October,4,2022,0
20221007,2022-10-07,Friday,5,40,10,October,4,2022,0
20221008,2022-10-08,Saturday,6,40,10,October,4,2022,1
20221009,2022-10-09,Sunday,7,40,10,October,4,2022,1
20221010,2022-10-10,Monday,1,41,10,October,4,2022,0
20221011,2022-10-11,Tuesday,2,41,10,October,4,2022,9
20221012,2022-10-12,Wednesday,3,41,10,October,4,2022,0
20221013,2022-10-13,Thursday,4,41,10,October,4,2022,0
20221014,2022-10-14,Friday,5,41,10,October,4,2022,0
20221015,2022-10-15,Saturday,6,41,10,October,4,2022,1
20221016,2022-10-16,Sunday,7,41,10,October,4,2022,1
20221017,2022-10-17,Monday,1,42,10,October,4,2022,0
20221018,2022-10-18,Tuesday,2,42,10,October,4,2022,0
20221019,2022-10-19,Wednesday,3,42,10,October,4,2022,0
20221020,2022-10-20,Thursday,4,42,10,October,4,2022,0
20221021,2022-10-21,Friday,5,42,10,October,4,2022,0
20221022,2022-10-22,Saturday,6,42,10,october,4,2022,1
20221023,2022-10-23,Sunday,7,42,10,October,4,2022,1
20221024,2022-10-24,Monday,1,43,10,October,4,2022,0
20221025,2022-10-25,Tuesday,2,43,10,October,4,2022,0
20221026,2022-10-26,Wednesday,3,43,10,October,4,2022,0
20221027,2022-10-27,Thursday,4,43,10,October,4,2022,0
20221028,2022-10-28,Friday,5,43,10,October,4,2022,0
20221029,2022-10-29,Saturday,6,43,10,October,4,2022,1
20221030,2022-10-30,Sunday,7,43,10,October,4,2022,1
20221031,2022-10-31,Monday,1,44,10,October,4,2022,0
20221101,2022-11-01,Tuesday,2,44,11,November,4,2022,0
20221102,2022-11-02,Wednesday,3,44,11,November,4,2022,0
20221103,2022-11-03,Thursday,4,44,11,November,4,2022,0
20221104,2022-11-04,Friday,5,44,11,November,4,2022,0
20221105,2022-11-05,Saturday,6,44,11,November,4,2022,1
20221106,2022-11-06,Sunday,8,44,11,November,4,2022,1
20221107,2022-11-07,Monday,1,45,11,November,4,2022,0
20221108,2022-11-08,Tuesday,2,45,11,November,4,2022,0
20221109,2022-11-09,Wednesday,3,45,11,November,4,2022,0
20221110,2022-11-10,Thursday,4,45,11,November,4,2022,0
20221111,2022-11-11,Friday,5,45,11,November,4,2022,0
20221112,2022-11-12,Saturday,6,45,11,November,4,2022,1
20221113,2022-11-13,Sunday,7,45,11,November,4,2022,1
20221114,2022-11-14,Monday,1,46,11,November,4,2022,0
20221115,2022-11-15,Tuesday,2,46,11,November,4,2022,0
20221116,2022-11-16,Wednesday,3,46,11,November,4,2022,0
20221117,2022-11-17,Thursday,4,46,11,November,4,2022,0
20221118,2022-11-18,Friday,5,46,11,November,4,2022,2
20221119,2022-11-19,Saturday,6,46,11,November,4,2022,1
20221120,2022-11-20,Sunday,7,46,11,November,4,2022,1
20221121,2022-11-21,Monday,1,47,11,November,4,2022,0
20221122,2022-11-22,Tuesday,2,47,11,November,4,2022,0
20221122,2022-11-23,Wednesday,3,47,11,November,4,2022,0
20221124,2022-11-24,Thursday,4,47,11,November,4,2022,0
20221125,2022-11-25,Friday,5,47,11,November,4,2022,0
20221126,2022-11-26,Saturday,6,47,11,November,4,2022,1
20221127,2022-11-27,Sunday,7,47,11,November,4,2022,1
20221128,2022-11-28,Monday,1,48,11,November,4,2022,0
20221129,2022-11-29,Tuesday,2,48,11,November,4,2022,0
20221130,2022-11-30,Wednesday,3,48,11,November,4,2022,0
20221201,2022-12-01,Thursday,4,48,12,December,4,2022,0
20221202,2022-12-02,Friday,5,48,12,December,4,2022,0
20221203,2022-12-03,Saturday,6,48,12,December,4,2022,1
20221204,2022-12-04,Sunday,7,48,12,December,4,2022,1
20221205,2022-12-05,Monday,1,49,12,December,4,2022,0
20221206,2022-12-06,Tuesday,2,49,12,December,4,2022,0
20221207,2022-12-07,Wednesday,3,49,12,December,4,2022,0
20221208,2022-12-08,Thursday,4,49,12,December,4,2022,0
20221209,2022-12-09,Friday,5,49,12,December,4,2022,0
20221210,2022-12-10,Saturday,6,49,12,December,4,2022,1
20221211,2022-12-11,Sunday,7,49,12,December,4,2022,1
20221212,2022-12-12,Monday,1,50,12,December,4,2022,0
20221213,2022-12-13,Tuesday,2,50,12,December,4,2022,0
20221214,2022-12-14,Wednesday,3,50,12,December,4,2022,0
20221215,2022-12-15,Thursday,4,50,12,December,4,2022,0
20221216,2022-12-16,Friday,5,50,12,December,4,2022,0
20221217,2022-12-17,Saturday,6,50,12,December,4,2022,1
20221218,2022-12-18,Sunday,7,50,12,December,4,2022,1
20221219,2022-12-19,Monday,1,51,12,December,4,2022,0
20221220,2022-12-20,Tuesday,2,51,12,December,4,2022,0
20221221,2022-12-21,Wednesday,3,51,12,December,4,2022,0
20221222,2022-12-22,Thursday,4,51,12,December ,4,2022,0
20221223,2022-12-23,Friday,5,51,12,December,4,2022,0
20221224,2022-12-24,Saturday,6,51,12,December,4,2022,1
20221225,2022-12-25,Sunday,7,51,12,December,4,2022,1
20221226,2022-12-26,Monday,1,52,12,December,4,2022,0
20221227,2022-12-27,Tuesday,2,52,12,December,4,2022,0
20221228,2022-12-28,Wednesday,3,52,12,December,4,2022,0
20221229,2022-12-29,Thursday,4,52,12,December,4,2022,0
20221230,2022-12-30,Friday,5,52,12,December,4,2022,0
20221231,2022-12-31,Saturday,6,52,12,December,4,2022,1
20230101,2023-01-01,Sunday,7,52,1,January,1,2023,1
20230102,2023-01-02,Monday,1,1,1,January,1,2023,0
20230103,2023-01-03,Tuesday,2,1,1,January,1,2023,0
20230104,2023-01-04,Wednesday,3,1,1,January,1,2023,0
20230105,2023-01-05,Thursday,4,1,1,January,1,2023,0
20230106,2023-01-06,Friday,5,1,1,January,1,2023,0
20230107,2023-01-07,Saturday,6,1,1,January,1,2023,1
20230108,2023-01-08,Sunday,7,1,1,January,1,2023,1
20230109,2023-01-09,MONDAY,1,2,1,January,1,2023,0
20230110,2023-01-10,Tuesday,2,2,1,January,1,2023,0
20230111,2023-01-11,Wednesday,3,2,1,January,1,2023,0
20230112,2023-01-12,Thursday,4,2,1,JANUARY,1,2023,0
20230113,2023-01-13,Friday,5,2,1,January,1,2023,0
20230114,2023-01-14,Saturday,6,2,1,January,1,2023,1
20230115,2023-01-15,Sunday,7,2,1,January,1,2023,1
20230116,2023-01-16,Monday,1,3,1,January,1,2023,0
20230117,2023-01-17,Tuesday,2,3,1,January,1,2023,0
20230118,2023-01-18,Wednesday,3,3,1,January,1,2023,0
20230119,2023-01-19,Thursday,4,3,1,January,1,2023,0
20230120,2023-01-20,Friday,5,3,1,January,1,2023,0
20230121,2023-01-21,Saturday,6,3,1,January,1,2023,1
20230122,2023-01-22,Sunday,7,3,1,January,1,2023,1
20230123,2023-01-23,Monday,1,4,1,January,1,2023,0
20230124,2023-01-24,Tuesday,2,4,1,January,1,2023,0
20230125,2023-01-25,Wednesday,3,4,1,January,1,2023,0
20230126,2023-01-26,Thursday,4,4,1,January,1,2023,0
20230127,2023-01-27,Friday,5,4,1,January,1,2023,0
20230128,2023-01-28,Saturday,6,4,1,January,1,2023,1
20230129,2023-01-29,Sunday,7,4,1,January,1,2023,1
20230130,2023-01-30,Monday,1,5,1,January,1,2023,0
20230131,2023-01-31,Tuesday,2,5,1,January,1,2023,0
20230201,2023-02-01,Wednesday,3,5,2,February,1,2023,0
20230202,2023-02-02,Thursday,4,5,2,February,1,2023,0
20230203,2023-02-03,Friday,5,5,2,February,1,2023,0
20230204,2023-02-04,Saturday,6,5,2,February,1,2023,1
20230205,2023-02-05,Sunday,7,5,2,February,1,2023,1
20230206,2023-02-06,Monday,1,6,2,February,1,2023,0
20230207,2023-02-07,Tuesday,2,6,2,February,1,2023,0
20230208,2023-02-08,Wednesday,3,6,2,February,1,2023,0
20230209,2023-02-09,Thursday,4,6,2,February,1,2023,0
20230210,2023-02-10,Friday,5,6,2,February,1,2023,0
20230211,2023-02-11,Saturday,6,6,2,February,1,2023,1
20230212,2023-02-12,Sunday,7,6,2,February,1,2023,1
20230213,2023-02-13,Monday,1,7,2,February,1,2023,0
20230214,2023-02-14,Tuesday,2,7,2,February,1,2023,0
20230215,2023-02-15,Wednesday,3,7,2,February,1,2023,0
20230216,2023-02-16,Thursday,4,7,2,February,1,2023,0
20230217,2023-02-17,Friday,5,7,2,February,1,2023,0
20230218,2023-02-18,Saturday,6,7,2,February,1,2023,1
20230219,2023-02-19,Sunday,7,7,2,February,1,2023,1
20230220,2023-02-20,Monday,1,8,2,February,1,2023,0
20230221,2023-02-21,Tuesday,2,8,2,February,1,2023,0
20230222,2023-02-22,Wednesday,3,8,2,February,1,2023,0
20230223,2023-02-23,Thursday,4,8,2,February,1,2023,0
20230224,2023-02-24,Friday,5,8,2,February,1,2023,0
20230225,2023-02-25,Saturday,6,8,2,February,1,2023,1
20230226,2023-02-26,Sunday,7,8,2,February,1,2023,1
20230227,2023-02-27,Monday,1,9,2,February,1,2023,0
20230228,2023-02-28,Tuesday,2,9,2,February,5,2023,0
20230301,2023-03-01,Wednesday,3,9,3,March,1,2023,0
20230302,2023-03-02,Thursday,4,9,3,March,1,2023,0
20230303,2023-03-03,Friday,5,9,3,March,1,2023,0
20230304,2023-03-04,Saturday,6,9,3,March,1,2023,1
20230305,2023-03-05,Sunday,7,9,3,March,1,2023,1
20230306,2023-03-06,Monday,1,10,3,March,1,2023,0
20230307,2023-03-07,Tuesday,2,10,3,March,1,2023,0
20230308,2023-03-08,Wednesday,3,10,3,March,1,2023,0
20230309,2023-03-09,Thursday,4,10,3,March,1,2023,0
20230310,2023-03-10,Friday,5,10,3,March,1,2023,0
20230311,2023-03-11,Saturday,6,10,3,March,1,2023,1
20230312,2023-03-12,Sunday,7,10,3,March,1,2023,1
20230313,2023-03-13,Monday,1,11,3,March,1,2023,0
20230314,2023-03-14,Tuesday,2,11,3,March,1,2023,0
20230315,2023-03-15,Wednesday,3,11,3,March,1,2023,0
20230316,2023-03-16,Thursday,4,11,3,March,1,2023,0
20230317,2023-03-17,Friday,5,11,3,March,1,2023,0
20230318,2023-03-18,Saturday,6,11,3,March,1,2023,1
20230319,2023-03-19,Sunday,7,11,3,March,1,2023,1
20230320,2023-03-20,Monday,1,12,3,March,1,2023,0
20230321,2023-03-21,Tuesday,2,12,3,March,1,2023,0
20230322,2023-03-22,Wednesday,3,12,3,March,1,2023,0
20230323,2023-03-23,Thursday,4,12,3,March,1,2023,0
20230324,2023-03-24,Friday,5,12,3,March,1,2023,0
20230325,2023-03-25,Saturday,6,12,3,March,1,2023,1
20230326,2023-03-26, Sunday ,7,12,3,March,1,2023,1
20230327,2023-03-27,Monday,1,13,3,March,1,2023,0
20230328,2023-03-28,Tuesday,2,13,3,March,1,2023,0
20230329,2023-03-29,Wednesday,3,13,3,March,1,2023,0
20230330,2023-03-30,Thursday,4,13,3,March,1,2023,0
20230331,2023-03-31,Friday,5,13,3,March,1,2023,0
20230401,2023-04-01,Saturday,6,13,4,April,2,2023,1
20230402,2023-04-02,Sunday,7,13,4,April,2,2023,1
20230403,2023-04-03,Monday,1,14,4,April,2,2023,0
20230404,2023-04-04,Tuesday,2,14,4,April,2,2023,0
20230405,2023-04-05,Wednesday,3,14,4,April,2,2023,0
20230406,2023-04-06,Thursday,4,14,4,April,2,2023,0
20230407,2023-04-07,Friday,5,14,4,April,2,2023,0
20230408,2023-04-08,Saturday,6,14,4,April,2,2023,1
20230409,2023-04-09,Sunday,7,14,4,April,2,2023,1
20230410,2023-04-10,Monday,1,15,4,April,2,2023,0
20230411,2023-04-11,Tuesday,2,15,4,April,2,2023,0
20230412,2023-04-12,Wednesday,3,15,4,April,2,2023,0
20230413,2023-04-13,Thursday,4,15,4,April,2,2023,0
20230414,2023-04-14,Friday,5,15,4,April,2,2023,0
20230415,2023-04-15,Saturday,6,15,4,April,2,2023,1
20230416,2023-04-16,Sunday,7,15,4,April,2,2023,1
20230417,2023-04-17,Monday,1,16,4,April,2,2023,0
20230418,2023-04-18,Tuesday,2,16,4,April,2,2023,0
20230419,2023-04-19,Wednesday,3,16,4,April,2,2023,0
20230420,2023-04-18,Thursday,4,16,4,April,2,2023,0
20230421,2023-04-21,Friday,5,16,4,April,2,2023,0
20230422,2023-04-22,Saturday,6,16,4,April,2,2023,1
20230423,2023-04-23,Sunday,7,16,4,April,2,2023,1
20230424,2023-04-24,Monday,1,17,4,April,2,2023,0
20230425,2023-04-25,tuesday,2,17,4,April,2,2023,0
20230426,2023-04-26,Wednesday,3,17,4,April,2,2023,0
20230427,2023-04-27,Thursday,4,17,4,April,2,2023,0
20230428,2023-04-28,Friday,5,17,4,April,2,2023,0
20230429,2023-04-29,Saturday,6,17,4,April,2,2023,1
20230430,2023-04-30,Sunday,7,17,4,April,2,2023,1
20230501,2023-05-01,Monday,1,18,5,May,2,2023,0
20230502,2023-05-02,Tuesday,2,18,5,May,2,2023,0
20230503,2023-05-03,Wednesday,3,18,5,May,2,2023,0
20230504,2023-05-04,Thursday,4,18,5,May,2,2023,0
20230505,2023-05-05,Friday,5,18,5,May,2,2023,0
20230506,2023-05-06,Saturday,6,18,5,May,2,2023,1
20230507,2023-05-07,Sunday,7,18,5,May,2,2023,1
20230508,2023-05-08,Monday,1,19,5,May,2,2023,0
20230509,2023-05-09,Tuesday,2,19,5,May,2,2023,0
20230510,2023-05-10,Wednesday,3,19,5,May,2,2023,0
20230511,2023-05-11,Thursday,4,19,5,May,2,2023,0
20230512,2023-05-12,Friday,5,19,5,May,2,2023,0
20230513,2023-05-13,Saturday,6,19,5,May,2,2023,1
20230514,2023-05-14,Sunday,7,19,5,May,2,2023,1
20230515,2023-05-15,Monday,1,20,5,May,2,2023,0
20230516,2023-05-16,Tuesday,2,20,5,May,2,2023,0
20230517,2023-05-17,Wednesday,3,20,5,May,2,2023,0
20230518,2023-05-18,Thursday,4,20,5,May,2,2023,0
20230519,2023-05-19,Friday,5,20,5,May,2,2023,0
20230520,2023-05-20,Saturday,6,20,5,May,2,2023,1
20230521,2023-05-21,Sunday,7,20,5,May,2,2023,1
20230522,2023-05-22,Monday,1,21,5,May,2,2023,0
20230523,2023-05-23,Tuesday,2,21,5,May,2,2023,0
20230524,2023-05-24,Wednesday,3,21,5,May,2,2023,0
20230525,2023-05-25,Thursday,4,21,5,May,2,2023,0
20230526,2023-05-26,Friday,5,21,5,May,2,2023,0
20230527,2023-05-27,Saturday,6,21,5,May,2,2023,1
20230528,2023-05-28,Sunday,7,21,5,May,2,2023,1
20230529,2023-05-29,Monday,1,22,5,May,2,2023,0
20230530,2023-05-30,Tuesday,2,22,5,May,2,2023,0
20230531,2023-05-31,Wednesday,3,22,5,May,2,2023,0
20230601,2023-06-01,Thursday,4,22,6,June,2,2023,0
20230602,2023-06-04,Friday,5,22,6,June,2,2023,0
20230603,2023-06-03,Saturday,6,22,6,June,2,2023,1
20230604,2023-06-04,Sunday,7,22,6,June,2,2023,1
20230605,2023-06-05,Monday,1,23,6,June,2,2023,0
20230606,2023-06-06,Tuesday,2,23,6,June,2,2023,0
20230607,2023-06-07,Wednesday,3,23,6,June,2,2023,0
20230608,2023-06-08,Thursday,4,23,6,June,2,2023,0
20230609,2023-06-09,Friday,5,23,6,June,2,2023,0
20230610,2023-06-10,Saturday,6,23,6,June,2,2023,1
20230611,2023-06-11,Sunday,7,23,6,June,2,2023,1
20230612,2023-06-12,Monday,1,24,6,June,2,2023,0
20230613,2023-06-13,Tuesday,2,24,6,June,2,2023,0
20230614,2023-06-14,Wednesday,3,24,6,June,2,2023,0
20230615,2023-06-15,Thursday,4,24,6,June,2,2023,0
20230616,2023-06-16,Friday,5,24,6,June,2,2023,0
20230617,2023-06-17,Saturday,6,24,6,June,2,2023,1
20230618,2023-06-18,Sunday,7,24,6,June,2,2023,1
20230619,2023-06-19,Monday,1,25,6,June,2,2023,0
20230620,2023-06-20,Tuesday,2,25,6,June,2,2023,0
20230621,2023-06-21,Wednesday,3,25,6,June,2,2023,0
20230622,2023-06-22,Thursday,4,25,6,June,2,2023,0
20230623,2023-06-23,Friday,8,25,6,June,2,2023,0
20230624,2023-06-24,Saturday,6,25,6,June,2,2023,1
20230625,2023-06-25,Sunday,7,25,6,June,2,2023,1
20230626,2023-06-26,Monday,1,26,6,June,2,2023,0
20230627,2023-06-27,Tuesday,2,26,6,June,2,2023,0
20230628,2023-06-28,Wednesday,3,26,6,June,2,2023,0
20230629,2023-06-29,Thursday,4,26,6,June,2,2023,0
20230630,2023-06-30,Friday,5,26,6,June,2,2023,0
20230701,2023-07-01,Saturday,6,26,7,July,3,2023,1
20230702,2023-07-02,Sunday,7,26,7,July,3,2023,1
20230703,2023-07-03,Monday,1,27,7,July,3,2023,0
20230704,2023-07-04,Tuesday,2,27,7,July,3,2023,0
20230705,2023-07-05,Wednesday,3,27,7,July,3,2023,0
20230706,2023-07-06,Thursday,4,27,7,July,3,2023,0
20230707,2023-07-07,Friday,5,27,7,July,3,2023,0
20230708,2023-07-08,Saturday,6,27,7,July,3,2023,1
20230709,2023-07-09,Sunday,7,27,7,July,3,2023,1
20230710,2023-07-10,Monday,1,28,7,July,3,2023,0
20230711,2023-07-11,Tuesday,2,28,7,July,3,2023,0
20230712,2023-07-12,Wednesday,3,28,7,July,3,2023,0
20230713,2023-07-13,Thursday,4,28,7,July,3,2023,0
20230714,2023-07-14,Friday,5,28,7,July,3,2023,0
20230715,2023-07-15,Saturday,6,28,7,July,3,2023,1
20230716,2023-07-16,Sunday,7,28,7,July,3,2023,1
20230717,2023-07-17,Monday,1,29,7,July,3,2023,0
20230718,2023-07-18,Tuesday,2,29,7,July,3,2023,0
20230719,2023-07-19,Wednesday,3,29,7,July,3,2023,0
20230720,2023-07-20,Thursday,4,29,7,July,3,2023,0
20230721,2023-07-21,Friday,5,29,7,July,3,2023,0
20230722,2023-07-22,Saturday,6,29,7,July,3,2023,1
20230723,2023-07-23,Sunday,7,29,7,July,3,2023,1
20230724,2023-07-24,Monday,1,30,7,July,3,2024,0
20230725,2023-07-25,Tuesday,2,30,7,July,3,2023,0
20230726,2023-07-26,Wednesday,3,30,7,July,3,2023,0
20230727,2023-07-27,Thursday,4,30,7,July,3,2023,0
20230728,2023-07-28,Friday,8,30,7,July,3,2023,0
20230729,2023-07-29,Saturday,6,30,7,July,3,2023,1
20230730,2023-07-30,Sunday,7,30,7,July,3,2023,1
20230731,2023-07-31,Monday,1,31,7,July,3,2023,0
20230801,2023-08-01,Tuesday,2,31,8,August,3,2023,0
20230802,2023-08-02,Wednesday,3,31,8,August,3,2023,0
20230803,2023-08-03,Thursday,4,31,8,August,3,2023,0
20230804,2023-08-04,Friday,5,31,8,August,3,2023,0
20230805,2023-08-05,Saturday,6,31,8,August,3,2023,1
20230806,2023-08-06,Sunday,7,31,8,August,3,2023,1
20230807,2023-08-07,Monday,1,32,8,August,3,2023,0
20230808,2023-08-08,Tuesday,2,32,8,August,3,2023,0
20230809,2023-08-09,Wednesday,3,32,8,August,3,2023,0
20230810,2023-08-10,Thursday,4,32,8,August,3,2023,0
20230811,2023-08-11,Friday,5,32,8,August,3,2023,2
20230812,2023-08-12,Saturday,6,32,8,August,3,2023,1
20230813,2023-08-13,Sunday,7,32,8,August,3,2023,1
20230814,2023-08-14,Monday,1,33,8,August,3,2023,0
20230815,2023-08-15,Tuesday,2,33,8,August,3,2023,0
20230816,2023-08-16,Wednesday,3,0,8,August,3,2023,0
20230817,2023-08-17,Thursday,4,33,8,August,3,2023,0
20230818,2023-08-18,Friday,5,33,8,August,3,2023,0
20230819,2023-08-19,Saturday,6,33,8,August,3,2023,1
20230820,2023-08-20,Sunday,7,33,8,August,3,2023,1
20230821,2023-08-21,Monday,1,34,8,August,3,2023,0
20230822,2023-08-22,Tuesday,2,34,8,August,3,2023,0
20230823,2023-08-23,Wednesday,3,34,8,August,3,2023,0
20230824,2023-08-24,Thursday,4,34,8,August,3,2023,0
20230825,2023-08-25,Friday,5,34,8,August,3,2023,0
20230826,2023-08-26,Saturday,6,34,8,August,3,2023,1
20230827,2023-08-27,Sunday,7,34,8,August,3,2023,1
20230828,2023-08-28,Monday,1,35,8,August,3,2023,0
20230829,2023-08-29,Tuesday,2,35,8,August,3,2023,0
20230830,2023-08-30,Wednesday,3,35,8,August,3,2023,0
20230831,2023-08-31,Thursday,4,35,8,August,3,2023,9
20230901,2023-09-01,Friday,5,35,9,September,3,2023,0
20230902,2023-09-02,Saturday,6,35,9,September,3,2023,2
20230903,2023-09-03,Sunday,7,35,9,September,3,2023,1
20230904,2023-09-04,Monday,1,36,9,September,3,2023,0
20230905,2023-09-05,Tuesday,2,36,9,September,3,2023,0
20230906,2023-09-06,Wednesday,3,36,9,September,3,2023,0
20230907,2023-09-07,Thursday,4,36,9,September,3,2023,0
20230908,2023-09-08,Friday,5,36,9,September,3,2023,0
20230909,2023-09-09,Saturday,6,36,9,September,3,2023,1
20230910,2023-09-10,Sunday,7,36,9,September,3,2023,1
20230911,2023-09-11,Monday,1,37,9,September,3,2023,0
20230912,2023-09-12,Tuesday,2,37,9,September,3,2023,0
20230913,2023-09-13,Wednesday,3,37,9,September,3,2023,0
20230914,2023-09-14,Thursday,4,37,9,September,3,2023,0
20230915,2023-09-15,Friday,5,37,9,September,3,2023,0
20230916,2023-09-16,Saturday,6,37,9,September,3,2023,1
20230917,2023-09-17,Sunday,7,37,9,September,3,2023,1
20230918,2023-09-18,Monday,1,38,9,September,3,2023,0
20230919,2023-09-19,Tuesday,2,38,9,September,3,2023,0
20230920,2023-09-20,Wednesday,3,38,9,September,3,2023,0
20230921,2023-09-21,Thursday,4,38,9,September,3,2023,0
20230922,2023-09-22,Friday,5,38,9,September,3,2023,0
20230923,2023-09-23,Saturday,6,38,9,September,3,2023,1
20230924,2023-09-24,Sunday,7,38,9,September,3,2023,1
20230925,2023-09-25,Monday,1,39,9,September,3,2023,0
20230926,2023-09-26,Tuesday,2,39,9,September,3,2023,0
20230927,2023-09-27,Wednesday,3,39,9,September,3,2023,0
20230928,2023-09-28,Thursday,4,39,9,September,3,2023,0
20230929,2023-09-29,Friday,5,39,9,September,3,2023,0
20230930,2023-09-30,Saturday,6,39,9,September,3,2023,1
20231001,2023-10-01,Sunday,7,39,10,October,4,2023,1
20231001,2023-10-02,Monday,1,40,10,October,4,2023,0
20231003,2023-10-03,Tuesday,2,40,10,October,4,2023,0
20231004,2023-10-04,Wednesday,3,40,10,October,4,2023,0
20231005,2023-10-05,Thursday,4,40,10,October,4,2023,0
20231006,2023-10-06,Friday,5,40,10,October,4,2023,0
20231007,2023-10-07,Saturday,6,40,10,October,4,2023,1
20231008,2023-10-08,Sunday,7,40,10,October,4,2023,1
20231009,2023-10-09,Monday,1,41,10,October,4,2023,0
20231010,2023-10-10,Tuesday,0,41,10,October,4,2023,0
20231011,2023-10-11,Wednesday,3,41,10,October,4,2023,0
20231012,2023-10-12,Thursday,4,41,10,October,4,2023,0
20231013,2023-10-13,Friday,5,41,10,October,4,2023,0
20231014,2023-10-14,Saturday,6,41,10,October,4,2023,1
20231015,2023-10-15,Sunday,7,41,10,October,4,2023,1
20231016,2023-10-16,Monday,1,42,10,October,4,2023,0
20231017,2023-10-17,Tuesday,2,42,10,October,4,2023,0
20231018,2023-10-18,Wednesday,3,42,10,October,4,2023,0
20231019,2023-10-19,Thursday,4,42,10,October,4,2023,0
20231020,2023-10-20,Friday,8,42,10,October,4,2023,0
20231021,2023-10-21,Saturday,6,42,10,October,4,2023,1
20231022,2023-10-22,Sunday,7,42,10,October,4,2023,1
20231023,2023-10-23,Monday,1,43,10,October,4,2023,0
20231024,2023-10-24,Tuesday,2,43,10,October,4,2023,0
20231025,2023-10-25,Wednesday,3,43,10,October,4,2023,0
20231026,2023-10-26,Thursday,4,43,10,October,4,2023,0
20231027,2023-10-27,Friday,5,43,10,October,4,2023,0
20231028,2023-10-28,Saturday,6,43,10,October,4,2023,1
20231029,2023-10-29,Sunday,7,43,10,October,4,2023,1
20231030,2023-10-30,Monday,1,44,10,October,4,2023,0
20231031,2023-10-31,Tuesday,2,44,10,October,4,2023,0
20231101,2023-11-01,Wednesday,3,44,11,November,4,2024,0
20231102,2023-11-02,Thursday,4,44,11,November,4,2023,0
20231103,2023-11-04,Friday,5,44,11,November,4,2023,0
20231104,2023-11-04,Saturday,6,44,11,November,4,2023,1
20231105,2023-11-05,Sunday,7,44,11,November,4,2023,1
20231106,2023-11-06,Monday,1,45,11,November,4,2023,0
20231107,2023-11-07,Tuesday,2,45,11,November,4,2023,0
20231108,2023-11-08,Wednesday,3,45,11,November,4,2023,0
20231109,2023-11-09,Thursday,4,45,11,November,4,2023,0
20231110,2023-11-10,Friday,5,45,11,November,4,2023,0
20231111,2023-11-11,Saturday,6,45,11,November,4,2023,1
20231112,2023-11-12,Sunday,7,45,11,November,4,2023,1
20231113,2023-11-13,Monday,1,46,11,November,4,2023,0
20231114,2023-11-14,Tuesday,2,46,11,November,4,2023,0
20231115,2023-11-15,Wednesday,3,46,11,November,4,2023,0
20231116,2023-11-16,Thursday,4,46,11,November,4,2023,0
20231117,2023-11-17,Friday,5,46,11,November,4,2023,0
20231118,2023-11-18,Saturday,6,46,11,November,4,2023,1
20231119,2023-11-19,Sunday,7,46,11,November,4,2023,1
20231120,2023-11-20,Monday,1,60,11,November,4,2023,0
20231121,2023-11-21,Tuesday,2,47,11,November,4,2023,0
20231122,2023-11-22,Wednesday,3,47,11,November,4,2023,0
20231123,2023-11-23,Thursday,4,47,11,November,4,2023,0
20231124,2023-11-24,Friday,5,47,11,November,4,2023,0
20231125,2023-11-25,Saturday,6,47,11,November,4,2023,1
20231126,2023-11-26,Sunday,7,47,11,November,4,2023,1
20231127,2023-11-27,Monday,1,48,11,November,4,2023,0
20231128,2023-11-28,Tuesday,2,48,11,November,4,2023,0
20231129,2023-11-29,Wednesday,3,48,11,November,4,2023,0
20231130,2023-11-30,Thursday,4,48,11,November,4,2023,0
20231201,2023-12-01,Friday,5,48,12,December,4,2023,-1
20231202,2023-12-02,Saturday,6,48,12,December,4,2023,1
20231203,2023-12-03,Sunday,7,48,12,December,4,2023,1
20231204,2023-12-04,Monday,1,49,12,December,4,2023,0
20231205,2023-12-05,Tuesday,2,49,12,December,4,2023,0
20231206,2023-12-06,Wednesday,3,49,12,December,4,2023,0
20231207,2023-12-07,Thursday,4,49,12,December,4,2023,0
20231208,2023-12-08,Friday,5,49,12,December,4,2023,0
20231209,2023-12-09,Saturday,6,49,12,December,4,2023,1
20231210,2023-12-10,Sunday,7,49,12,December,4,2023,1
20231211,2023-12-11,Monday,1,50,12,December,4,2023,0
20231212,2023-12-12,Tuesday,2,50,12,December,4,2023,0
20231213,2023-12-13,Wednesday,3,50,12,December,4,2023,0
20231214,2023-12-14,Thursday,4,50,12,December,4,2023,0
20231215,2023-12-15,Friday,5,50,12,December,4,2023,0
20231216,2023-12-16,Saturday,6,50,12,December,4,2023,1
20231217,2023-12-17,Sunday,7,50,12,December,4,2023,1
20231218,2023-12-18,Monday,1,51,12,December,4,2023,0
20231219,2023-12-19,Tuesday,2,51,12,December,4,2023,0
20231220,2023-12-20,Wednesday,3,51,12,December,4,2023,0
20231221,2023-12-21,Thursday,4,51,12,December,4,2023,0
20231222,2023-12-22,Friday,5,51,12,December,4,2023,0
20231223,2023-12-23,Saturday,6,51,12,December,4,2023,1
20231223,2023-12-24,Sunday,7,51,12,December,4,2023,1
20231225,2023-12-25,Monday,1,52,12,December,4,2023,0
20231226,2023-12-26,Tuesday,2,52,12,December,4,2023,0
20231227,2023-12-27,Wednesday,3,52,12,December,4,2023,0
20231228,2023-12-28,Thursday,4,52,12,December,4,2023,0
20231229,2023-12-29,Friday,5,52,12,December,4,2023,0
20231230,2023-12-30,Saturday,6,52,12,December,4,2023,1
20231231,2023-12-31,Sunday,7,52,12,December,4,2023,1
20240101,2024-01-01,Monday,1,1,1,January,1,2024,0
20240102,2024-01-02,Tuesday,2,1,1,January,1,2024,0
20240103,2024-01-03,Wednesday,3,1,1,January,1,2024,0
20240104,2024-01-04,Thursday,4,1,1,January,1,2024,0
20240105,2024-01-05,Friday,5,1,1,January,1,2024,0
20240106,2024-01-06,Saturday,6,1,1,January,1,2024,1
20240107,2024-01-07,Sunday,7,1,1,January,1,2024,1
20240108,2024-01-08,Monday,1,2,1,January,1,2024,0
20240109,2024-01-09,Tuesday,2,2,1,January,1,2024,0
20240110,2024-01-10,Wednesday,3,2,1,January,1,2024,0
20240111,2024-01-11,Thursday,4,2,1,January,1,2024,0
20240112,2024-01-12,Friday,5,2,1,January,1,2024,0
20240113,2024-01-13,Saturday,6,2,1,January,1,2024,1
20240114,2024-01-14,Sunday,7,2,1,January,1,2024,1
20240115,2024-01-15,Monday,1,3,1,January,1,2024,0
20240116,2024-01-16,Tuesday,2,3,1,January,1,2024,0
20240117,2024-01-17,Wednesday,3,3,1,January,1,2024,0
20240118,2024-01-18,Thursday,4,3,1,January,1,2024,0
20240119,2024-01-19,Friday,5,3,1,January,1,2024,0
20240120,2024-01-20,Saturday,6,3,1,January,1,2024,1
20240121,2024-01-21,Sunday,7,3,1,January,1,2024,1
20240122,2024-01-22,Monday,1,4,1,January,1,2024,0
20240123,2024-01-23,Tuesday,2,4,1,January,1,2024,0
20240124,2024-01-24,Wednesday,3,4,1,January,1,2024,0
20240125,2024-01-25,Thursday,4,4,1,January,1,2024,0
20240126,2024-01-26,Friday,5,4,1,January,1,2024,0
20240127,2024-01-27,Saturday,6,4,1,January,1,2024,1
20240128,2024-01-28,Sunday,7,4,1,January,1,2024,1
20240129,2024-01-29,Monday,1,5,1,January,1,2024,0
20240130,2024-01-30,Tuesday,2,5,1,January,1,2024,0
20240131,2024-01-31,Wednesday,3,5,1,January,1,2024,0
20240201,2024-02-01,Thursday,4,5,2,February,1,2024,0
20240202,2024-02-02,Friday,5,5,2,February,1,2024,0
20240203,2024-02-03,Saturday,6,5,2,February,1,2024,1
20240204,2024-02-04,Sunday,7,5,2,February,1,2024,1
20240205,2024-02-05,Monday,1,6,2,February,1,2024,0
20240205,2024-02-06,Tuesday,2,6,2,February,1,2024,0
20240207,2024-02-07,Wednesday,3,6,2,February,1,2024,0
20240208,2024-02-08,Thursday,4,6,2,February,1,2024,0
20240209,2024-02-09,Friday,5,6,2,February,1,2024,0
20240210,2024-02-10,Saturday,6,6,2,February,1,2024,1
20240211,2024-02-11,Sunday,7,6,2,February,1,2024,1
20240212,2024-02-12,Monday,1,7,2,February,1,2024,0
20240213,2024-02-13,Tuesday,2,7,2,February,1,2024,0
20240214,2024-02-14,Wednesday,3,7,2,February,1,2024,0
20240215,2024-02-15,Thursday,4,7,2,February,1,2024,0
20240216,2024-02-16,Friday,5,7,2,February,1,2024,0
20240217,2024-02-17,Saturday,6,7,2,February,1,2024,1
20240218,2024-02-18,Sunday,7,7,2,February,1,2024,1
20240219,2024-02-19,Monday,1,8,2,February,1,2024,0
20240220,2024-02-20,Tuesday,2,8,2,February,1,2024,0
20240221,2024-02-21,Wednesday,3,8,2,February,1,2024,0
20240222,2024-02-22,Thursday,4,8,2,February,1,2024,0
20240223,2024-02-23,Friday,5,8,2,February,1,2024,0
20240224,2024-02-24,Saturday,6,8,2,February,1,2024,1
20240225,2024-02-25,Sunday,7,8,2,February,1,2024,1
20240226,2024-02-26,Monday,1,9,2,February,1,2024,0
20240227,2024-02-27,Tuesday,2,9,2,February,1,2024,0
20240228,2024-02-28,Wednesday,3,9,2,February,1,2024,0
20240229,2024-02-29,Thursday,4,9,2,February,1,2024,0
20240301,2024-03-01,Friday,5,9,3,March,1,2024,0
20240302,2024-03-02,Saturday,6,9,3,March,1,2024,1
20240303,2024-03-03,Sunday,7,9,3,March,1,2024,1
20240304,2024-03-04,Monday,1,10,3,March,1,2024,0
20240305,2024-03-05,Tuesday,2,10,3,March,1,2024,0
20240306,2024-03-06,Wednesday,3,10,3,March,1,2024,0
20240307,2024-03-07,Thursday,4,10,3,March,1,2024,0
20240308,2024-03-08,Friday,5,10,3,March,1,2024,0
20240309,2024-03-09,Saturday,6,10,3,March,1,2024,1
20240310,2024-03-10,Sunday,7,10,3,March,1,2024,1
20240311,2024-03-11,Monday,1,11,3,March,1,2024,0
20240312,2024-03-12,Tuesday,2,11,3,March,1,2024,0
20240313,2024-03-13,Wednesday,3,11,3,March,1,2024,0
20240314,2024-03-14,Thursday,4,11,3,March,1,2024,0
20240315,2024-03-15,Friday,5,11,3,March,1,2024,0
20240315,2024-03-16,Saturday,6,11,3,March,1,2024,1
20240317,2024-03-17,Sunday,7,11,3,March,1,2024,1
20240318,2024-03-18,Monday,1,12,3,March,1,2024,0
20240319,2024-03-19,Tuesday,2,12,3,March,1,2024,0
20240320,2024-03-20,Wednesday,3,12,3,March,1,2024,0
20240321,2024-03-21,Thursday,4,12,3,March,1,2024,0
20240322,2024-03-22,Friday,5,12,3,March,1,2024,0
20240323,2024-03-23,Saturday,6,12,3,March,1,2024,1
20240324,2024-03-24,Sunday,7,12,3,March,1,2024,1
20240325,2024-03-25,Monday,1,13,3,March,1,2024,0
20240326,2024-03-26,Tuesday,2,13,3,March,1,2024,0
20240327,2024-03-27,Wednesday,3,13,3,March,1,2024,0
20240328,2024-03-28,Thursday,4,13,3,March,1,2024,0
20240329,2024-03-29,Friday,5,13,3,March,1,2024,0
20240330,2024-03-30,Saturday,6,13,3,March,1,2024,1
20240331,2024-03-31,Sunday,7,13,3,March,1,2024,1
20240401,2024-04-01,Monday,1,14,4,April,2,2024,0
20240402,2024-04-02,Tuesday,2,14,4,April,2,2024,0
20240403,2024-04-03,Wednesday,3,14,4,April,2,2024,0
20240404,2024-04-04,Thursday,4,14,4,April,2,2024,0
20240405,2024-04-05,Friday,5,14,4,April,2,2024,0
20240406,2024-04-06,Saturday,6,14,4,April,2,2024,1
20240407,2024-04-07,Sunday,7,14,4,April,2,2024,1
20240408,2024-04-08,Thursdy,1,15,4,April,2,2024,0
20240409,2024-04-09,Tuesday,2,15,4,April,2,2024,0
20240410,2024-04-10,Wednesday,3,15,4,April,2,2024,0
20240411,2024-04-11,Thursday,4,15,4,April,2,2024,0
20240412,2024-04-12,Friday,5,15,4,April,2,2024,0
20240413,2024-04-13,Saturday,6,15,4,April,2,2024,1
20240414,2024-04-14,Sunday,7,15,4,April,2,2024,1
20240415,2024-04-15,Monday,1,16,4,April,2,2024,0
20240416,2024-04-16,Tuesday,2,16,4,April,2,2024,0
20240417,2024-04-17,Wednesday,3,16,4,April,2,2024,0
20240418,2024-04-18,Thursday,4,16,4,April,2,2024,0
20240419,2024-04-18,Friday,5,16,4,April,2,2024,0
20240420,2024-04-20,Saturday,6,16,4,April,2,2024,1
20240421,2024-04-21,Sunday,8,16,4,April,2,2024,1
20240422,2024-04-22,Monday,1,17,4,April,2,2024,0
20240423,2024-04-23,Tuesday,2,17,4,April,2,2024,0
20240424,2024-04-24,Wednesday,3,17,4,April,2,2024,0
20240425,2024-04-25,Thursday,4,17,4,April,2,2024,0
20240426,2024-04-26,Friday,5,17,4,April,2,2024,0
20240426,2024-04-27,Saturday,6,17,4,April,2,2024,1
20240428,2024-04-28,Sunday,7,17,4,April,2,2024,1
20240429,2024-04-29,Monday,1,18,4,April,2,2024,0
20240430,2024-04-30,Tuesday,2,18,4,April,2,2024,0
20240501,2024-05-01,Wednesday,3,18,5,May,2,2024,0
20240502,2024-05-02,Thursday,4,18,5,May,2,2024,0
20240503,2024-05-03,Friday,5,18,5,May,2,2024,0
20240504,2024-05-04,Saturday,6,18,5,May,2,2024,1
20240505,2024-05-05,Sunday,7,54,5,May,2,2024,1
20240506,2024-05-06,Monday,1,19,5,May,2,2024,0
20240507,2024-05-07,Tuesday,2,19,5,May,2,2024,0
20240508,2024-05-08,Wednesday,3,19,5,May,2,2024,0
20240509,2024-05-09,Thursday,4,19,5,May,2,2024,0
20240510,2024-05-10,Friday,5,19,5,May,2,2024,0
20240511,2024-05-11,Saturday,6,19,5,May,2,2024,1
20240512,2024-05-12,Sunday,7,19,5,May,2,2024,1
20240513,2024-05-13,Monday,1,20,5,May,2,2025,0
20240514,2024-05-14,Tuesday,2,54,5,May,2,2024,0
20240515,2024-05-15,Wednesday,3,20,5,May,2,2024,0
20240516,2024-05-16,Thursday,4,20,5,May,2,2024,0
20240517,2024-05-17,Friday,5,20,5,May,2,2024,0
20240518,2024-05-18,Saturday,6,20,5,May,2,2024,1
20240519,2024-05-19,Sunday,7,20,5,May,2,2024,1
20240520,2024-05-20,Monday,1,21,5,May,2,2024,0
20240521,2024-05-21,Tuesday,2,21,5,May,2,2024,0
20240522,2024-05-22,Wednesday,3,21,5,May,2,2024,0
20240523,2024-05-23,Thursday,4,21,5,May,2,2024,0
20240524,2024-05-24,Friday,5,21,5,May,2,2024,0
20240525,2024-05-25,Saturday,6,21,5,May,2,2024,1
20240526,2024-05-26,Sunday,7,21,5,May,2,2024,1
20240527,2024-05-27,Monday,1,22,5,May,2,2024,0
20240528,2024-05-28,Tuesday,2,22,5,May,2,2024,0
20240529,2024-05-29,Wednesday,3,22,5,May,2,2024,0
20240530,2024-05-30,Thursday,4,22,5,May,2,2024,0
20240531,2024-05-31,Friday,5,22,5,May,2,2024,0
20240601,2024-06-01,Saturday,6,22,6,June,2,2024,1
20240602,2024-06-02,Sunday,7,22,6,June,2,2024,1
20240603,2024-06-03,Monday,1,23,6,June,2,2024,0
20240604,2024-06-04,Tuesday,2,23,6,June,2,2024,0
20240605,2024-06-05,Wednesday,3,23,6,June,2,2024,0
20240606,2024-06-06,Thursday,4,23,6,June,2,2024,0
20240607,2024-06-07,Friday,5,23,6,June,2,2024,0
20240608,2024-06-08,Saturday,6,23,6,June,2,2024,1
20240609,2024-06-09,Sunday,7,23,6,June,2,2024,1
20240610,2024-06-10,Monday,1,24,6,June,2,2024,0
20240611,2024-06-11,Tuesday,2,24,6,June,2,2024,0
20240612,2024-06-12,Wednesday,3,24,6,June,2,2024,0
20240613,2024-06-13,Thursday,4,24,6,June,2,2024,0
20240614,2024-06-14,Friday,5,24,6,June,2,2024,0
20240615,2024-06-15,Saturday,6,24,6,June,2,2024,1
20240616,2024-06-16,Sunday,7,24,6,June,2,2024,1
20240617,2024-06-17,Monday,1,25,6,June,2,2024,0
20240618,2024-06-18,Tuesday,2,25,6,June,2,2024,0
20240619,2024-06-19,Wednesday,3,25,6,June,2,2024,0
20240620,2024-06-20,Thursday,4,25,6,June,2,2024,0
20240621,2024-06-21,Friday,5,25,6,June,2,2024,0
20240622,2024-06-22,Saturday,6,25,6,June,2,2024,1
20240623,2024-06-23,Sunday,7,25,6,June,2,2024,1
20240624,2024-06-24,Monday,1,26,6,June,2,2024,0
20240625,2024-06-25,Tuesday,2,26,6,June,2,2024,0
20240626,2024-06-26,Wednesday,3,26,6,June,2,2024,0
20240627,2024-06-27,Thursday,4,26,6,June,2,2024,0
20240628,2024-06-28,Friday,5,26,6,June,2,2024,0
20240629,2024-06-29,Saturday,6,26,6,June,2,2024,1
20240630,2024-06-30,Sunday,7,26,6,June,2,2024,1
20240701,2024-07-01,Monday,1,27,7,July,3,2024,0
20240702,2024-07-02,Tuesday,2,27,7,July,3,2024,0
20240703,2024-07-03,Wednesday,3,27,7,July,3,2024,0
20240704,2024-07-04,Thursday,4,27,7,July,3,2024,0
20240705,2024-07-05,Friday,5,27,7,July,3,2024,0
20240706,2024-07-06,Saturday,6,27,7,July,3,2024,1
20240707,2024-07-07,Sunday,7,27,7,July,3,2024,1
20240708,2024-07-08,Monday,1,28,7,July,3,2024,0
20240709,2024-07-09,Tuesday,2,28,7,July,3,2024,0
20240710,2024-07-10,Wednesday,3,28,7,July,3,2024,0
20240711,2024-07-11,Thursday,4,28,7,July,3,2024,0
20240712,2024-07-12,Friday,5,28,7,July,3,2024,0
20240713,2024-07-13,Saturday,6,28,7,July,3,2024,1
20240714,2024-07-14,Sunday,7,28,7,July,3,2024,1
20240715,2024-07-15,Monday,1,29,7,July,3,2024,0
20240716,2024-07-16,Tuesday,2,54,7,July,3,2024,0
20240717,2024-07-17,Wednesday,3,29,7,July,3,2024,0
20240718,2024-07-18,Thursday,4,29,7,July,3,2024,0
20240719,2024-07-19,Friday,5,29,7,July,3,2024,0
20240720,2024-07-20,Saturday,6,29,7,July,3,2024,1
20240721,2024-07-21,Sunday,7,29,7,July,3,2024,1
20240722,2024-07-22,Monday,1,30,7,July,3,2024,0
20240723,2024-07-23,Tuesday,2,30,7,July,3,2024,0
20240724,2024-07-24,Wednesday,3,30,7,July,3,2024,0
20240725,2024-07-25,Thursday,4,30,7,July,3,2024,0
20240726,2024-07-26,Friday,5,30,7,July,3,2024,0
20240727,2024-07-27,Saturday,6,30,7,July,3,2024,1
20240728,2024-07-28,Sunday,7,30,7,July,3,2024,1
20240729,2024-07-29,Monday,1,31,7,July,3,2024,0
20240730,2024-07-30,Tuesday,2,31,7,July,3,2024,0
20240731,2024-07-31,Wednesday,3,31,7,July,3,2024,0
20240801,2024-08-01,Thursday,4,31,8,August,3,2024,0
20240802,2024-08-02,Friday,5,31,8,August,3,2024,0
20240803,2024-08-03,Saturday,6,31,8,August,3,2024,1
20240804,2024-08-04,Sunday,7,31,8,August,3,2024,1
20240805,2024-08-05,Monday,1,32,8,August,3,2024,0
20240806,2024-08-06,Tuesday,2,32,8,August,3,2024,0
20240807,2024-08-07,Wednesday,3,32,8,August,3,2024,0
20240808,2024-08-08,Thursday,4,32,8,August,3,2024,0
20240809,2024-08-09,Friday,5,32,8,August,3,2024,0
20240810,2024-08-10,Saturday,6,32,8,August,3,2024,1
20240811,2024-08-11,Sunday,7,32,13,August,3,2024,1
20240812,2024-08-12,Monday,1,33,8,August,3,2024,0
20240813,2024-08-13,Tuesday,2,33,8,August,3,2024,0
20240814,2024-08-14,Wednesday,3,33,8,August,3,2024,0
20240815,2024-08-15,Thursday,4,33,8,August,3,2024,0
20240816,2024-08-16,Friday,5,33,8,August,3,2024,0
20240817,2024-08-17,Saturday,6,33,8,August,3,2024,1
20240818,2024-08-18,Sunday,7,33,8,August,3,2024,1
20240819,2024-08-19,Monday,1,34,8,August,3,2024,0
20240820,2024-08-20,Tuesday,2,34,8,August,3,2024,0
20240821,2024-08-21,Wednesday,3,34,8,August,3,2024,0
20240822,2024-08-22,Thursday,4,34,8,August,3,2024,0
20240823,2024-08-23,Friday,5,34,8,August,3,2024,0
20240824,2024-08-24,Saturday,6,34,8,august,3,2024,1
20240825,2024-08-25,Sunday,7,34,8,August,3,2024,1
20240826,2024-08-26,Monday,1,35,8,august,3,2024,0
20240827,2024-08-27,Tuesday,2,35,8,August,3,2024,0
20240828,2024-08-28,Thursdy,3,35,8,August,3,2024,0
20240829,2024-08-29,Thursday,4,35,8,August,3,2024,0
20240829,2024-08-30,Friday,5,35,8,August,3,2024,0
20240831,2024-08-31,Saturday,6,35,8,August,3,2024,1
20240901,2024-09-01,Sunday,7,35,9,September,3,2024,1
20240902,2024-09-02,Monday,1,36,9,September,3,2024,0
20240903,2024-09-03,Tuesday,2,36,9,September,3,2024,0
20240904,2024-09-04,Wednesday,3,36,9,September,3,2024,0
20240905,2024-09-05,Thursday,4,36,9,September,3,2024,0
20240906,2024-09-06,Friday,5,36,9,September,3,2024,0
20240907,2024-09-07,Saturday,6,36,9,September,3,2024,1
20240908,2024-09-08,Sunday,7,36,9,September,3,2025,1
20240909,2024-09-09,Monday,1,37,9,September,3,2024,0
20240910,2024-09-10,Tuesday,2,37,9,September,3,2024,0
20240911,2024-09-11,Wednesday,3,37,9,September,3,2024,0
20240912,2024-09-12,Thursday,4,37,9,September,3,2024,0
20240913,2024-09-13,Friday,5,37,9,September,3,2024,0
20240914,2024-09-14,Saturday,6,37,9,September,3,2024,1
20240915,2024-09-15,Sunday,7,37,9,September,3,2024,1
20240916,2024-09-16,Monday,1,38,9,September,3,2024,0
20240917,2024-09-17,Tuesday,2,38,9,September,3,2024,0
20240918,2024-09-18,Wednesday,3,38,9,September,3,2024,0
20240919,2024-09-19,Thursday,4,38,9,September,3,2024,0
20240920,2024-09-20, Friday ,5,38,9,September,3,2024,0
20240921,2024-09-21,Saturday,6,38,9,September,3,2024,1
20240922,2024-09-22,Sunday,7,38,9,September,3,2024,1
20240923,2024-09-23,Monday,1,39,9,September,3,2024,0
20240924,2024-09-24,Tuesday,2,39,9,September,3,2024,0
20240925,2024-09-25,Wednesday,3,39,9,September,3,2024,0
20240926,2024-09-26,Thursday,4,39,9,September,3,2024,0
20240927,2024-09-27,Friday,5,39,9,September,3,2024,0
20240928,2024-09-28,Saturday,6,39,9,September,3,2024,1
20240929,2024-09-29,Sunday,7,39,9,September,3,2024,1
20240930,2024-09-30,Monday,1,40,9,September,3,2024,0
20241001,2024-10-01,Tuesday,2,40,10,October,4,2024,0
20241002,2024-10-02,Wednesday,3,40,10,October,4,2024,0
20241003,2024-10-03,Thursday,4,40,10,October,4,2024,0
20241004,2024-10-04,Friday,5,40,10,October,4,2024,0
20241005,2024-10-05,Saturday,6,40,10,October,4,2024,1
20241006,2024-10-06,Sunday,7,40,10,October,4,2024,1
20241007,2024-10-07,Monday,1,41,10,October,4,2024,0
20241008,2024-10-08,Tuesday,2,41,10,October,4,2024,0
20241009,2024-10-09,Wednesday,3,41,10,October,4,2024,0
20241010,2024-10-10,Thursday,4,41,10,October,4,2024,0
20241011,2024-10-11,Friday,5,41,10,October,4,2024,0
20241012,2024-10-12,Saturday,6,41,10,October,4,2024,1
20241013,2024-10-13,Sunday,7,41,10,October,4,2024,1
20241014,2024-10-14,Monday,1,42,10,October,4,2024,0
20241015,2024-10-15,Tuesday,2,42,10,October,4,2024,0
20241016,2024-10-16,Wednesday,3,42,10,October,4,2024,0
20241017,2024-10-17,Thursday,4,42,10,October,5,2024,0
20241018,2024-10-18,Friday,5,42,10,October,4,2024,0
20241019,2024-10-19,Saturday,6,42,10,October,4,2024,1
20241020,2024-10-20,Sunday,7,42,10,October,4,2024,1
20241021,2024-10-21,Monday,1,43,10,October,4,2024,0
20241022,2024-10-22,Tuesday,2,43,10,October,4,2024,0
20241023,2024-10-23,Wednesday,3,43,10,October,4,2024,0
20241024,2024-10-24,Thursday,4,43,10,October,4,2024,0
20241025,2024-10-25,Friday,5,43,10,October,4,2024,0
20241026,2024-10-26,Saturday,6,43,10,October,4,2024,1
20241027,2024-10-27,Sunday,7,43,10,October,4,2024,1
20241028,2024-10-28,Monday,1,44,10,October,4,2024,0
20241029,2024-10-29,Tuesday,2,44,10,October,4,2024,0
20241030,2024-10-30,Wednesday,3,44,10,October,4,2024,0
20241031,2024-10-31,Thursday,4,44,10,October,4,2024,0
20241101,2024-11-01,Friday,5,44,11,November,4,2024,0
20241102,2024-11-02,Saturday,6,44,11,November,4,2024,1
20241103,2024-11-03,Sunday,7,44,11,November,4,2024,1
20241104,2024-11-04,Monday,1,45,11,November,4,2024,0
20241105,2024-11-05,Tuesday,2,45,11,November,4,2024,0
20241106,2024-11-06,Wednesday,3,45,11,November,4,2024,0
20241107,2024-11-07,Thursday,4,45,11,November,4,2024,0
20241108,2024-11-08,Friday,5,45,11,November,4,2024,0
20241109,2024-11-09,Saturday,6,45,11,November,4,2024,1
20241110,2024-11-10,Sunday,7,45,11,November,4,2024,1
20241111,2024-11-11,Monday,1,46,11,November,4,2024,0
20241112,2024-11-12,Tuesday,2,46,11,November,4,2024,0
20241113,2024-11-13,Wednesday,3,46,11,November,4,2024,0
20241114,2024-11-14,Thursday,4,46,11,November,4,2024,0
20241115,2024-11-15,Friday,5,46,11,November,4,2024,0
20241116,2024-11-16,Saturday,6,46,11,November,4,2024,1
20241117,2024-11-17,Sunday,7,46,11,November,4,2024,1
20241118,2024-11-18,Monday,1,47,11,November,4,2024,0
20241119,2024-11-19,Wensday,2,47,11,November,4,2024,0
20241120,2024-11-20,Wednesday,3,47,11,November,4,2024,0
20241121,2024-11-21,Thursday,4,47,11,November,4,2024,0
20241122,2024-11-22,Friday,5,47,11,November,4,2024,0
20241123,2024-11-23,Saturday,6,47,11,November,4,2024,1
20241124,2024-11-24,Sunday,7,47,11,November,4,2024,1
20241125,2024-11-25,Monday,1,48,11,November,4,2024,0
20241126,2024-11-26,Tuesday,2,48,11,November,4,2024,0
20241127,2024-11-27,Wednesday,3,48,11,November,4,2024,0
20241128,2024-11-28,Thursday,4,48,11,November,4,2024,0
20241129,2024-11-29,Friday,5,48,11,November,4,2024,0
20241130,2024-11-30,Saturday,6,48,11,November,4,2024,1
20241201,2024-12-01,Sunday,7,48,12,December,4,2024,1
20241202,2024-12-02,Monday,1,49,12,December,4,2024,0
20241203,2024-12-03,Tuesday,2,49,12,December,4,2024,0
20241204,2024-12-04,Wednesday,3,49,12,December,4,2024,0
20241205,2024-12-05,Thursday,4,49,12,December,4,2024,0
20241206,2024-12-06,Friday,5,49,12,December,4,2024,0
20241207,2024-12-07,Saturday,6,49,12,December,4,2024,1
20241208,2024-12-08,Sunday,7,49,12,December,4,2024,1
20241209,2024-12-09,Monday,1,50,12,December,4,2024,0
20241210,2024-12-10,Tuesday,2,50,12,December,4,2024,2
20241210,2024-12-11,Wednesday,3,50,12,December,4,2024,0
20241212,2024-12-12,Thursday,4,50,12,December,4,2024,0
20241213,2024-12-13,Friday,5,50,12,December,4,2024,0
20241214,2024-12-14,Saturday,6,50,12,December,4,2024,1
20241215,2024-12-15,Sunday,7,50,12,December,4,2024,1
20241216,2024-12-16,Monday,1,51,12,December,4,2024,0
20241217,2024-12-17,Tuesday,2,51,12,December,4,2024,0
20241218,2024-12-18,Wednesday,3,51,12,December,4,2024,0
20241219,2024-12-19,Thursday,4,51,12,December,4,2024,0
20241220,2024-12-20,Friday,5,51,12,December,4,2024,0
20241221,2024-12-21,Saturday,6,51,12,December,4,2024,1
20241222,2024-12-22,Sunday,7,51,12,December,4,2024,1
20241223,2024-12-23,Monday,1,52,12,December,4,2024,0
20241224,2024-12-24,Tuesday,2,52,12,December,4,2024,0
20241225,2024-12-25,Wednesday,3,52,12,December,4,2024,0
20241226,2024-12-26,Thursday,4,52,12,December,4,2024,0
20241227,2024-12-27,Friday,5,52,12,December,4,2024,0
20241228,2024-12-28,Saturday,6,52,12,December,4,2024,1
20241229,2024-12-29,Sunday,7,52,12,December,4,2024,1
20241230,2024-12-30,Monday,1,1,12,December,4,2024,0
20241231,2024-12-31,Tuesday,2,1,12,December,4,2024,0
20250101,2025-01-01,Wednesday,3,1,1,January,1,2025,0
20250102,2025-01-02,Thursday,4,1,1,January,1,2025,0
20250103,2025-01-03,Friday,5,1,1,January,1,2025,0
20250104,2025-01-04,Saturday,6,1,1,January,1,2025,1
20250105,2025-01-05,Sunday,7,1,1,January,1,2025,1
20250106,2025-01-06,Monday,1,2,1,January,1,2025,0
20250107,2025-01-07,Tuesday,2,2,1,January,1,2025,0
20250108,2025-01-08,Wednesday,3,2,1,January,1,2025,0
20250109,2025-01-09,Thursday,4,2,1,January,1,2025,0
20250110,2025-01-10,Friday,5,2,1,January,1,2025,0
20250111,2025-01-11,Saturday,6,2,1,January,1,2025,1
20250112,2025-01-12,Sunday,7,0,1,January,1,2025,1
20250113,2025-01-13,Monday,1,3,1,January,1,2025,0
20250114,2025-01-14,Tuesday,2,3,1,January,1,2025,0
20250115,2025-01-15,Wednesday,3,3,1,January,1,2025,0
20250116,2025-01-16,Thursday,4,3,1,January,1,2025,0
20250117,2025-01-17,Friday,5,3,1,January,1,2025,0
20250118,2025-01-18,Saturday,6,3,1,January,1,2025,1
20250119,2025-01-19,Sunday,7,3,1,January,1,2025,1
20250120,2025-01-19,Monday,1,4,1,January,1,2025,0
20250121,2025-01-21,Tuesday,2,4,1,January,1,2025,0
20250122,2025-01-22,Wednesday,3,4,1,January,1,2025,0
20250123,2025-01-23,Thursday,4,4,1,January,1,2025,0
20250124,2025-01-24,Friday,5,4,1,January,1,2025,0
20250125,2025-01-25,Saturday,6,4,1,January,1,2025,1
20250126,2025-01-26,Sunday,7,4,1,january,1,2025,1
20250127,2025-01-27,Monday,1,5,1,January,1,2025,0
20250128,2025-01-28,Tuesday,2,60,1,January,1,2025,0
20250129,2025-01-29,Wednesday,3,5,1,January,1,2025,0
20250130,2025-01-30,Thursday,4,5,1,January,1,2025,0
20250131,2025-01-31,friday,5,5,1,January,1,2025,0
20250201,2025-02-01,Saturday,6,5,2,February,1,2025,1
20250202,2025-02-02,Sunday,7,5,2,February,1,2025,1
20250203,2025-02-03,Monday,1,6,2,February,1,2025,0
20250204,2025-02-04,Tuesday,2,6,2,February,1,2025,0
20250205,2025-02-05,Wednesday,3,6,2,February,1,2025,0
20250206,2025-02-06,Thursday,4,6,2,February,1,2025,0
20250207,2025-02-07,Friday,5,6,2,February,1,2025,0
20250208,2025-02-08,Saturday,6,6,2,February,1,2025,1
20250209,2025-02-09,Sunday,7,6,2,February,1,2025,1
20250210,2025-02-10,Monday,1,7,2,February,1,2025,0
20250211,2025-02-11,Tuesday,2,7,2,February,1,2025,0
20250212,2025-02-12,Wednesday,3,7,2,February,1,2025,0
20250213,2025-02-13,Thursday,4,7,2,February,1,2025,0
20250214,2025-02-14,Friday,5,7,2,February,1,2025,0
20250215,2025-02-15,Saturday,6,7,2,February,1,2025,1
20250216,2025-02-16,Sunday,7,7,2,February,1,2025,1
20250217,2025-02-17,Monday,1,8,2,February,1,2025,0
20250218,2025-02-18,Tuesday,2,8,2,February,1,2025,0
20250219,2025-02-19,Wednesday,3,8,2,February,1,2025,0
20250220,2025-02-20,Thursday,4,8,2,February,1,2025,0
20250221,2025-02-21,Friday,5,8,2,February,1,2025,0
20250222,2025-02-22,Saturday,6,8,2,February,1,2025,1
20250223,2025-02-23,Sunday,7,8,2,February,1,2025,1
20250224,2025-02-24,Monday,1,9,2,February,1,2025,0
20250225,2025-02-25,Tuesday,2,9,2,February,1,2025,0
20250226,2025-02-26,Wednesday,3,9,2,February,1,2025,0
20250227,2025-02-27,Thursday,4,9,2,February,1,2025,0
20250228,2025-02-28,Friday,5,9,2,February,1,2025,0
20250301,2025-03-01,Saturday,6,9,3,March,1,2025,1
20250302,2025-03-02,Sunday,7,9,3,March,1,2025,1
20250303,2025-03-03,Monday,1,10,3,March,1,2025,0
20250304,2025-03-04,Tuesday,2,10,3,March,1,2025,0
20250305,2025-03-05,Wednesday,3,10,3,March,1,2025,0
20250306,2025-03-06,Thursday,4,10,3,March,1,2025,0
20250307,2025-03-07,Friday,5,10,3,March,1,2025,0
20250308,2025-03-08,Saturday,6,10,3,March,1,2025,1
20250309,2025-03-09,Sunday,7,10,3,March,1,2025,1
20250310,2025-03-10,Monday,1,11,3,March,1,2025,0
20250311,2025-03-11,Tuesday,2,11,3,March,1,2025,0
20250312,2025-03-12,Wednesday,3,11,3,March,1,2025,0
20250313,2025-03-13,Thursday,4,11,3,March,1,2025,0
20250314,2025-03-14,Friday,5,11,3,March,1,2025,0
20250315,2025-03-15,Saturday,6,11,3,March,1,2025,1
20250316,2025-03-16,Sunday,7,11,3,March,1,2025,1
20250317,2025-03-17,Monday,1,12,3,March,1,2025,0
20250318,2025-03-18,Tuesday,2,12,3,March,1,2025,0
20250319,2025-03-19,Wednesday,3,12,3,March,1,2025,0
20250320,2025-03-20,Thursday,4,12,3,March,1,2025,0
20250321,2025-03-21,Friday,5,12,3,March,1,2025,0
20250322,2025-03-22,Saturday,6,12,3,March,1,2025,1
20250323,2025-03-23,Sunday,7,12,3,March,1,2025,1
20250324,2025-03-24,Monday,1,13,3,March,1,2025,0
20250325,2025-03-25,Tuesday,2,13,3,March,1,2025,0
20250326,2025-03-28,Wednesday,3,13,3,March,1,2025,0
20250327,2025-03-27,Thursday,4,13,3,March,1,2025,0
20250328,2025-03-28,Friday,5,13,3,March,1,2025,0
20250329,2025-03-29,Saturday,6,13,3,March,1,2025,1
20250330,2025-03-30,Sunday,7,13,3,March,1,2025,1
20250331,2025-03-31,Monday,1,14,3,March,1,2025,0
20250401,2025-04-01,Tuesday,2,14,4,April,2,2025,0
20250402,2025-04-02,Wednesday,3,14,4,April,2,2025,0
20250403,2025-04-03,Thursday,4,14,4,April,2,2025,0
20250404,2025-04-04,Friday,5,14,4,April,2,2025,0
20250405,2025-04-05,Saturday,6,14,4,April,2,2025,1
20250406,2025-04-06,Sunday,7,14,4,April,2,2025,1
20250407,2025-04-07,Monday,1,15,4,April,2,2025,0
20250408,2025-04-08,Tuesday,2,15,4,April,2,2025,0
20250409,2025-04-09,Wednesday,3,15,4,April,2,2025,0
20250410,2025-04-10,Thursday,4,15,4,April,2,2025,0
20250411,2025-04-11,Friday,5,15,4,April,2,2025,0
20250412,2025-04-12,Saturday,6,15,4,April,2,2025,1
20250413,2025-04-13,Sunday,7,15,4,April,2,2025,1
20250414,2025-04-14,Monday,1,16,4,April,2,2025,0
20250415,2025-04-15,Tuesday,2,16,4,April,2,2025,0
20250416,2025-04-16,Wednesday,3,16,4,April,2,2025,0
20250417,2025-04-17,Thursday,4,16,4,April,2,2025,0
20250418,2025-04-18,Friday,5,16,4,April,2,2025,0
20250419,2025-04-19,Saturday,6,16,4,April,2,2025,1
20250420,2025-04-20,Sunday,7,16,4,April,2,2025,1
20250421,2025-04-21,Monday,0,17,4,April,2,2025,0
20250422,2025-04-22,Tuesday,2,17,4,April,2,2025,0
20250423,2025-04-23,Wednesday,3,17,4,April,2,2025,0
20250424,2025-04-23,Thursday,4,17,4,April,2,2025,0
20250425,2025-04-25,Friday,5,17,4,April,2,2025,0
20250426,2025-04-26,Saturday,6,17,4,April,2,2025,1
20250427,2025-04-27,Sunday,7,17,4,April,2,2025,1
20250428,2025-04-28,Monday,1,18,4,April,2,2025,0
20250429,2025-04-29,Tuesday,2,18,4,April,2,2025,0
20250430,2025-04-30,Wednesday,3,18,4,April,2,2025,0
20250501,2025-05-01,Thursday,4,18,5,May,2,2025,0
20250502,2025-05-02,Friday,5,18,5,May,2,2025,0
20250503,2025-05-03,Saturday,6,18,5,May,2,2025,1
20250504,2025-05-04,Sunday,7,18,5,May,2,2025,1
20250505,2025-05-05,Monday,1,19,5,May,2,2025,0
20250506,2025-05-06,Tuesday,2,19,5,May,2,2025,0
20250507,2025-05-07,Wednesday,3,19,5,May,2,2025,0
20250508,2025-05-08,Thursday,4,19,5,May,2,2025,0
20250509,2025-05-09,Friday,5,19,5,May,2,2025,0
20250510,2025-05-10,Saturday,6,19,5,May,2,2025,1
20250511,2025-05-11,Sunday,7,19,5,May,2,2025,1
20250512,2025-05-12,Monday,1,20,5,May,2,2025,0
20250513,2025-05-13,Tuesday,2,20,5,May,2,2025,0
20250514,2025-05-14,Wednesday,3,20,5,May,2,2025,0
20250515,2025-05-15,Thursday,4,20,5,May,2,2025,0
20250516,2025-05-16,Friday,5,20,5,May,2,2025,0
20250517,2025-05-17,Saturday,6,20,5,May,2,2025,1
20250518,2025-05-18,Sunday,7,20,5,May,2,2025,1
20250519,2025-05-19,Monday,1,21,5,May,2,2025,0
20250520,2025-05-20,Tuesday,2,21,5,May,2,2025,0
20250521,2025-05-21,Wednesday,3,21,5,May,2,2025,0
20250522,2025-05-22,Thursday,4,21,5,May,2,2025,2
20250523,2025-05-23,Friday,5,21,5,May,2,2025,0
20250524,2025-05-24,Saturday,6,21,5,May,2,2025,1
20250525,2025-05-25,Sunday,7,21,5,May,2,2025,1
20250526,2025-05-26,Monday,1,22,5,May,2,2025,0
20250527,2025-05-27,Tuesday,2,22,5,May,2,2025,0
20250528,2025-05-28,Wednesday,3,22,5,May,2,2025,0
20250529,2025-05-29,Thursday,4,22,5,May,2,2025,0
20250530,2025-05-30,Friday,5,22,5,May,2,2025,0
20250531,2025-05-31,Saturday,6,22,5,May,2,2025,1
20250601,2025-06-01,Sunday,7,22,6,June,2,2025,1
20250602,2025-06-02,Monday,1,23,6,June,2,2025,0
20250603,2025-06-03,Tuesday,2,23,6,June,2,2025,0
20250604,2025-06-04,Wednesday,3,23,6,June,2,2025,0
20250605,2025-06-05,Thursday,4,23,6,June,2,2025,0
20250606,2025-06-06,Friday,5,23,6,June,2,2025,0
20250607,2025-06-07,Saturday,6,23,6,June,2,2025,1
20250608,2025-06-08,Sunday,7,23,6,June,2,2025,1
20250609,2025-06-09,Monday,1,24,6,June,2,2025,0
20250610,2025-06-10,Tuesday,2,24,6,June,2,2025,0
20250611,2025-06-11,Wednesday,3,24,6,June,2,2025,0
20250612,2025-06-12,Thursday,4,24,6,June,2,2025,0
20250613,2025-06-13,Friday,5,24,6,June,2,2025,0
20250614,2025-06-14,Saturday,6,24,6,June,2,2025,1
20250615,2025-06-15,Sunday,7,24,6,June,2,2025,1
20250616,2025-06-16,Monday,1,25,6,June,2,2025,0
20250617,2025-06-17,Tuesday,2,25,6,June,2,2025,0
20250618,2025-06-18,Wednesday,3,25,6,June,2,2025,0
20250619,2025-06-19,Thursday,4,25,6,June,2,2025,0
20250620,2025-06-20,Friday,5,25,6,June,2,2025,0
20250621,2025-06-21,Saturday,6,25,6,June,2,2025,1
20250622,2025-06-22,Sunday,7,25,15,June,2,2025,1
20250623,2025-06-23,Monday,1,26,6,June,2,2025,0
20250624,2025-06-24,Tuesday,2,26,6,June,2,2025,0
20250625,2025-06-25,Wednesday,3,26,6,June,2,2025,0
20250626,2025-06-26,Thursday,4,26,6,June,2,2025,0
20250627,2025-06-27,Friday,5,26,6,June,2,2025,0
20250628,2025-06-28,Saturday,6,26,6,June,2,2025,1
20250629,2025-06-29,Sunday,7,26,6,June,2,2025,1
20250630,2025-06-30,Monday,1,27,6,June,2,2025,0
20250701,2025-07-01,Tuesday,2,27,7,July,3,2025,0
20250702,2025-07-02,Wednesday,3,27,7,July,3,2025,0
20250703,2025-07-03,Thursday,4,27,7,July,3,2025,0
20250704,2025-07-04,Friday,5,27,7,July,3,2025,0
20250705,2025-07-05,Saturday,6,27,7,July,3,2025,1
20250706,2025-07-06,Sunday,7,27,7,July,3,2025,1
20250707,2025-07-07,Monday,1,28,7,July,3,2025,0
20250708,2025-07-08,Tuesday,2,28,7,July,3,2025,0
20250709,2025-07-09,Wednesday,3,28,7,July,3,2025,0
20250710,2025-07-10,Thursday,4,28,7,July,3,2025,0
20250711,2025-07-11,Friday,5,28,7,July,3,2025,0
20250712,2025-07-12,Saturday,6,28,7,July,3,2025,1
20250713,2025-07-13,Sunday,7,28,7,July,3,2025,1
20250714,2025-07-14,Monday,1,29,7,July,3,2025,0
20250715,2025-07-15,Tuesday,2,29,7,July,3,2025,0
20250716,2025-07-16,Wednesday,3,29,7,July,3,2025,0
20250717,2025-07-17,Thursday,4,29,7,July,3,2025,0
20250718,2025-07-18,Friday,5,29,7,July,3,2025,0
20250719,2025-07-19,Saturday,6,29,7,July,3,2025,1
20250720,2025-07-20,Sunday,7,29,7,July,3,2025,1
20250721,2025-07-21,Monday,1,30,7,July,3,2025,0
20250722,2025-07-22,Tuesday,2,30,7,July,3,2025,0
20250723,2025-07-23,Wednesday,3,30,7,July,3,2025,0
20250724,2025-07-24,Thursday,4,30,7,July,3,2025,0
20250725,2025-07-25,Friday,5,30,7,July,3,2025,0
20250726,2025-07-26,Saturday,6,30,7,July,3,2025,1
20250727,2025-07-27,Sunday,7,30,7,July,3,2025,1
20250728,2025-07-28,Monday,1,31,7,July,3,2025,0
20250729,2025-07-29,Tuesday,2,31,7,July,3,2025,0
20250730,2025-07-30,Wednesday,3,31,7,July,3,2025,0
20250731,2025-07-31,Thursday,4,31,7,July,3,2025,0
20250801,2025-08-01,Friday,5,31,8,August,3,2025,0
20250802,2025-08-02,Saturday,6,31,8,August,3,2025,1
20250803,2025-08-03,Sunday,7,31,8,August,3,2025,1
20250804,2025-08-04,Monday,1,32,8,August,3,2025,0
20250805,2025-08-05,Tuesday,2,32,8,August,3,2025,0
20250806,2025-08-06,Wednesday,3,32,8,August,3,2025,0
20250807,2025-08-07,Thursday,4,32,8,August,3,2025,0
20250808,2025-08-08,Friday,5,32,8,August,3,2025,0
20250809,2025-08-09,Saturday,6,32,8,August,3,2025,1
20250810,2025-08-10,Sunday,7,32,8,August,3,2025,1
20250811,2025-08-11,Monday,1,33,8,August,3,2025,0
20250812,2025-08-12,Tuesday,2,33,8,August,3,2025,0
20250813,2025-08-13,Wednesday,3,33,8,August,3,2025,0
20250814,2025-08-14,Thursday,4,33,8,August,3,2025,0
20250815,2025-08-15,Friday,5,33,8,August,3,2025,0
20250816,2025-08-16,Saturday,6,33,8,August,3,2025,1
20250817,2025-08-17,Sunday,7,33,8,August,3,2025,1
20250818,2025-08-18,Monday,1,34,8,August,3,2025,0
20250819,2025-08-19,Tuesday,2,34,8,August,3,2025,0
20250820,2025-08-20,Wednesday,3,34,8,August,3,2025,0
20250821,2025-08-21,Thursday,4,34,8,August,3,2025,0
20250822,2025-08-22,Friday,5,34,8,August,3,2025,0
20250823,2025-08-23,Saturday,6,34,8,August,3,2025,1
20250824,2025-08-24,Sunday,7,34,8,August,3,2025,1
20250825,2025-08-25,Monday,1,35,8,August,3,2025,0
20250826,2025-08-26,Tuesday,2,35,8,August,3,2025,0
20250827,2025-08-27,Wednesday,3,35,8,August,3,2025,0
20250828,2025-08-28,Thursday,4,35,8,August,3,2025,0
20250829,2025-08-29,Friday,5,35,8,August,3,2025,0
20250830,2025-08-30,Saturday,6,35,8,August,3,2025,1
20250831,2025-08-31,Sunday,7,35,8,August,3,2025,1
20250901,2025-09-01,Monday,1,36,9,September,3,2025,0
20250902,2025-09-02,Tuesday,2,36,9,September,3,2025,0
20250903,2025-09-03,Wednesday,3,36,9,September,3,2025,0
20250904,2025-09-04,Thursday,4,36,9,September,3,2025,0
20250905,2025-09-05,Friday,5,36,9,September,3,2025,0
20250906,2025-09-06,Saturday,6,36,9,September,3,2025,1
20250907,2025-09-07,Sunday,7,36,9,September,3,2025,1
20250908,2025-09-08,Monday,1,37,9,September,3,2025,0
20250909,2025-09-09,Tuesday,2,37,9,September,3,2025,0
20250910,2025-09-10,Wednesday,3,37,9,September,3,2025,0
20250911,2025-09-11,Thursday,4,37,9,September,3,2025,0
20250912,2025-09-12,Friday,5,37,9,September,3,2025,0
20250913,2025-09-13,Saturday,6,37,9,September,3,2025,1
20250914,2025-09-14,Sunday,7,37,9,September,3,2025,1
20250915,2025-09-15,Monday,1,38,9,September,3,2025,0
20250916,2025-09-16,Tuesday,2,38,9,September,3,2025,0
20250917,2025-09-17,Wednesday,3,38,9,September,3,2025,0
20250918,2025-09-18,Thursday,4,38,9,September,3,2025,0
20250919,2025-09-19,Friday,5,38,9,September,3,2025,0
20250920,2025-09-20,Saturday,6,38,9,September,3,2025,1
20250921,2025-09-21,Sunday,7,38,9,September,3,2025,1
20250922,2025-09-22,Monday,1,39,9,September,3,2025,0
20250923,2025-09-23,Tuesday,2,39,9,September,3,2025,0
20250924,2025-09-24,Wednesday,3,39,9,September,3,2025,0
20250925,2025-09-25,Thursday,4,39,9,September,3,2025,0
20250926,2025-09-26,Friday,5,39,9,September,3,2025,0
20250927,2025-09-27,Saturday,6,39,9,September,3,2025,1
20250928,2025-09-28,Sunday,8,39,9,September,3,2025,1
20250929,2025-09-29,Monday,1,40,9,September,3,2025,0
20250930,2025-09-30,Tuesday,2,40,9,September,3,2025,0
20251001,2025-10-03,Wednesday,3,40,10,October,4,2025,0
20251002,2025-10-02,Thursday,4,40,10,October,4,2025,0
20251003,2025-10-03,Friday,5,40,10,October,4,2025,0
20251004,2025-10-04,Saturday,6,40,10,October,4,2025,1
20251005,2025-10-05,Sunday,7,40,10,October,4,2025,1
20251006,2025-10-06,Monday,1,41,10,October,4,2025,0
20251007,2025-10-07,Tuesday,2,41,10,October,5,2025,0
20251008,2025-10-08,Wednesday,3,41,10,October,4,2025,0
20251009,2025-10-09,Thursday,4,41,10,October,4,2025,0
20251010,2025-10-10,Friday,5,41,10,October,4,2025,0
20251011,2025-10-11,Saturday,6,41,10,October,4,2025,1
20251012,2025-10-12,Sunday,7,41,10,October,4,2025,1
20251013,2025-10-13,Monday,1,42,10,October,4,2025,0
20251014,2025-10-14,Tuesday,2,42,10,October,4,2025,0
20251015,2025-10-15,Wednesday,3,42,10,October,4,2025,0
20251016,2025-10-16,Thursday,4,42,10,October,4,2025,0
20251017,2025-10-17,Friday,5,42,10,October,4,2025,0
20251018,2025-10-18,Saturday,6,42,10,October,4,2025,1
20251019,2025-10-19,Sunday,7,42,10,October,4,2025,1
20251020,2025-10-20,Monday,1,43,10,October,4,2025,0
20251021,2025-10-21,Tuesday,2,43,10,October,4,2025,0
20251022,2025-10-22,Wednesday,3,43,10,October,4,2025,0
20251023,2025-10-23,Thursday,4,43,10,October,4,2025,0
20251024,2025-10-24,Friday,5,43,10,October,4,2025,0
20251025,2025-10-25,Saturday,6,43,10,October,4,2025,1
20251026,2025-10-26,Sunday,7,43,10,October,4,2025,1
20251027,2025-10-27,Monday,1,44,10,October,4,2025,0
20251028,2025-10-28,Tuesday,2,44,10,October,4,2025,0
20251029,2025-10-29,Wednesday,3,44,10,October,4,2025,0
20251030,2025-10-30,Thursday,4,44,10,October,4,2025,0
20251031,2025-10-31,Friday,5,44,10,October,4,2025,0
20251101,2025-11-01,Saturday,6,44,11,November,4,2025,1
20251102,2025-11-02,Sunday,7,44,11,November,4,2025,1
20251103,2025-11-03,Monday,1,45,11,November,4,2025,0
20251104,2025-11-04,Tuesday,2,45,11,November,4,2025,0
20251105,2025-11-05,Wednesday,3,45,11,November,4,2025,0
20251106,2025-11-06,Thursday,4,45,11,November,4,2025,0
20251107,2025-11-07,Friday,5,45,11,November,4,2025,0
20251108,2025-11-08,Saturday,6,45,11,November,4,2025,1
20251109,2025-11-09,Sunday,7,45,11,November,4,2025,1
20251110,2025-11-10,Monday,1,46,11,November,4,2025,0
20251111,2025-11-11,Tuesday,2,46,11,November,4,2025,0
20251112,2025-11-12,Wednesday,3,46,11,November,4,2025,0
20251113,2025-11-13,Thursday,4,46,11,November,4,2025,0
20251114,2025-11-14,Friday,5,46,11,November,4,2025,0
20251115,2025-11-15,Saturday,6,46,11,November,4,2025,1
20251116,2025-11-16,Sunday,7,46,11,November,4,2025,1
20251117,2025-11-17,Monday,1,47,11,November,4,2025,0
20251118,2025-11-18,Tuesday,2,47,11,November,4,2025,0
20251119,2025-11-19,Wednesday,3,47,11,November,4,2025,0
20251120,2025-11-20,Thursday,4,47,11,November,4,2025,0
20251121,2025-11-21,Friday,5,47,11,November,4,2025,0
20251122,2025-11-22,Saturday,6,47,11,november,4,2025,1
20251123,2025-11-23,Sunday,7,47,11,November,4,2025,1
20251124,2025-11-24,Monday,1,48,11,November,4,2025,0
20251125,2025-11-25,Tuesday,2,48,11,November,4,2025,0
20251126,2025-11-26,Wednesday,3,48,11,November,4,2025,0
20251127,2025-11-27,Thursday,4,48,11,November,4,2025,0
20251128,2025-11-28,Friday,5,48,11,November,4,2025,0
20251129,2025-11-29,Saturday,6,48,11,November,4,2025,1
20251130,2025-11-30,Sunday,7,48,11,November,4,2025,1
20251201,2025-12-01,Monday,1,49,12,December,4,2025,0
20251202,2025-12-02,Tuesday,2,49,12,December,4,2025,0
20251203,2025-12-03,Wednesday,3,49,12,December,4,2025,0
20251204,2025-12-04,Thursday,4,49,12,December,4,2025,0
20251205,2025-12-05,Friday,5,49,12,December,4,2025,0
20251206,2025-12-06,Saturday,6,49,12,December,4,2025,1
20251207,2025-12-07,Sunday,7,49,12,December,4,2025,1
20251208,2025-12-08,Monday,1,50,12,December,4,2025,0
20251209,2025-12-09,Tuesday,2,50,12,December,4,2025,0
20251210,2025-12-10,Wednesday,3,50,12,December,4,2025,0
20251211,2025-12-11,Thursday,4,50,12,December,4,2025,0
20251212,2025-12-12,Friday,5,50,12,December,4,2025,0
20251213,2025-12-13,Saturday,6,50,12,December,4,2025,1
20251214,2025-12-14,Sunday,7,50,12,December,4,2025,1
20251215,2025-12-15,Monday,1,51,12,December,4,2025,0
20251216,2025-12-16,Tuesday,2,51,12,December,4,2025,0
20251217,2025-12-17,Wednesday,3,51,12,December,4,2025,0
20251218,2025-12-18,Thursday,4,51,12,December,4,2025,0
20251219,2025-12-19,Friday,5,51,12,December,4,2025,0
20251220,2025-12-20,Saturday,6,51,12,December,4,2025,1
20251221,2025-12-21,Sunday,7,51,12,December,4,2025,1
20251222,2025-12-22,Monday,1,52,12,December,4,2025,0
20251223,2025-12-23,Tuesday,2,52,12,December,4,2025,0
20251224,2025-12-24,Wednesday,3,52,12,December,4,2025,0
20251225,2025-12-25,Thursday,4,52,12,December,4,2025,0
20251226,2025-12-26,Friday,5,52,12,December,4,2025,0
20251227,2025-12-27,Saturday,6,52,12,December,4,2025,1
20251228,2025-12-28,Sunday,7,52,12,December,4,2025,1
20251229,2025-12-29,Monday,1,1,12,December,4,2025,0
20251230,2025-12-30,Tuesday,2,1,12,December,4,2025,0
20251231,2025-12-31,Wednesday,3,1,12,December,4,2025,0
20260101,2026-01-01,Thursday,4,1,1,January,1,2026,0
20260102,2026-01-02,Friday,5,1,1,January,1,2026,0
20260103,2026-01-03,Saturday,6,1,1,January,1,2026,1
20260104,2026-01-04,Sunday,7,1,1,January,1,2026,1
20260105,2026-01-05,Monday,1,2,1,January,1,2026,0
20260106,2026-01-06,Tuesday,2,2,15,January,1,2026,0
20260107,2026-01-07,Wednesday,3,2,1,January,1,2026,0
20260108,2026-01-08,Thursday,4,2,1,January,1,2026,0
20260109,2026-01-09,Friday,5,2,1,January,1,2026,0
20260110,2026-01-10,Saturday,6,2,1,January,1,2026,1
20260111,2026-01-11,Sunday,7,2,1,January,1,2026,1
20260112,2026-01-12,Monday,1,3,1,January,1,2026,0
20260113,2026-01-13,Tuesday,2,3,1,January,1,2026,0
20260114,2026-01-14,Wednesday,3,3,1,January,1,2026,0
20260115,2026-01-15,Thursday,4,3,1,January,1,2026,0
20260116,2026-01-16,Friday,5,3,1,January,1,2026,0
20260117,2026-01-17,Saturday,6,3,1,January,1,2026,1
20260118,2026-01-18,Sunday,7,3,1,January,1,2026,1
20260119,2026-01-19,Monday,1,4,1,January,1,2026,0
20260120,2026-01-20,Tuesday,2,4,15,January,1,2026,0
20260121,2026-01-21,Wednesday,3,4,13,January,1,2026,0
20260122,2026-01-22,Thursday,4,4,1,January,1,2026,0
20260123,2026-01-23,Friday,5,4,1,January,0,2026,0
20260124,2026-01-24,Saturday,6,4,1,January,1,2026,1
20260125,2026-01-25,Sunday,7,4,1,January,1,2026,1
20260126,2026-01-26,Monday,1,5,1,January,1,2026,0
20260127,2026-01-27,Tuesday,2,5,1,January,1,2026,0
20260128,2026-01-28,Wednesday,3,5,1,January,1,2026,0
20260129,2026-01-29,Thursday,4,5,1,January,1,2026,0
20260130,2026-01-30,Friday,5,5,1,January,1,2026,0
20260131,2026-01-31,Saturday,6,5,1,January,1,2026,1
20260201,2026-02-01,Sunday,7,5,2,February,1,2026,1
20260202,2026-02-02,Monday,1,6,2,February,1,2026,0
20260203,2026-02-03,Tuesday,2,6,2,February,1,2026,0
20260204,2026-02-04,Wednesday,3,6,2,February,1,2026,0
20260205,2026-02-05,Thursday,4,6,2,February,1,2026,0
20260206,2026-02-07,Friday,5,6,2,February,1,2026,0
20260207,2026-02-07,Saturday,6,6,2,February,1,2026,1
20260208,2026-02-08,Sunday,7,6,2,February,1,2026,1
20260209,2026-02-09,Monday,1,7,2,February,1,2026,0
20260210,2026-02-10,Tuesday,2,7,2,February,1,2026,0
20260211,2026-02-11,Wednesday,3,7,2,February,1,2026,0
20260212,2026-02-12,Thursday,4,7,2,February,1,2026,0
20260213,2026-02-13,Friday,5,7,2,February,1,2026,0
20260214,2026-02-14,Saturday,6,7,2,February,1,2026,1
20260215,2026-02-15,Sunday,7,7,2,February,1,2026,1
20260216,2026-02-16,Monday,1,8,2,February,1,2026,0
20260217,2026-02-17,Tuesday,2,8,2,February,1,2026,0
20260218,2026-02-18,Wednesday,3,8,2,February,1,2026,0
20260219,2026-02-19,Thursday,4,8,2,February,1,2026,0
20260220,2026-02-20,Friday,5,8,2,February,1,2026,0
20260221,2026-02-21,Saturday,6,8,2,February,1,2026,1
20260222,2026-02-22,Sunday,7,8,2,February,1,2026,1
20260223,2026-02-23,Monday,1,9,2,February,1,2026,0
20260224,2026-02-24,Tuesday,2,9,2,February,1,2026,0
20260225,2026-02-25,Wednesday,3,9,2,February,1,2026,0
20260226,2026-02-26,Thursday,4,9,2,February,1,2026,0
20260227,2026-02-27,Friday,5,9,2,February,1,2026,0
20260228,2026-02-28,Saturday,6,9,2,February,1,2026,1
20260228,2026-03-01,Sunday,7,9,3,March,1,2026,1
20260302,2026-03-02,Monday,1,10,3,March,1,2026,0
20260303,2026-03-03,Tuesday,2,10,3,March,1,2026,0
20260304,2026-03-04,Wednesday,3,10,3,March,1,2026,0
20260305,2026-03-05,Thursday,4,10,3,March,1,2026,0
20260306,2026-03-06,Friday,5,10,3,March,1,2026,0
20260307,2026-03-07,Saturday,6,10,3,March,1,2026,1
20260308,2026-03-08,Sunday,7,10,3,March,1,2026,1
20260309,2026-03-09,Monday,1,11,3,March,1,2026,0
20260310,2026-03-10,Tuesday,2,11,3,March,1,2026,0
20260311,2026-03-11,Wednesday,3,11,3,March,1,2026,0
20260312,2026-03-12,Thursday,4,11,3,March,1,2026,0
20260313,2026-03-13,Friday,5,11,3,March,1,2026,0
20260314,2026-03-14,Saturday,6,11,3,March,1,2026,1
20260315,2026-03-15,Sunday,7,11,3,March,1,2026,1
20260316,2026-03-16,Monday,1,12,3,March,1,2026,0
20260317,2026-03-17,Tuesday,2,12,3,March,1,2026,0
20260318,2026-03-18,Wednesday,3,12,3,March,1,2026,0
20260319,2026-03-19,Thursday,4,12,3,March,1,2026,0
20260320,2026-03-20,Friday,5,12,3,March,1,2026,0
20260321,2026-03-21,Saturday,6,12,3,March,1,2026,1
20260322,2026-03-22,Sunday,7,12,3,March,1,2026,1
20260323,2026-03-23,Monday,1,13,3,March,1,2026,0
20260324,2026-03-24,Tuesday,2,13,3,March,1,2026,0
20260325,2026-03-25,Wednesday,3,13,3,March,1,2026,0
20260326,2026-03-26,Thursday,4,13,3,March,1,2026,0
20260327,2026-03-27,Friday,5,13,3,March,1,2026,0
20260328,2026-03-28,Saturday,6,13,3,March,1,2026,1
20260329,2026-03-29,Sunday,7,13,3,March,1,2026,1
20260330,2026-03-30,Monday,1,14,3,March,1,2026,0
20260331,2026-03-31,Tuesday,2,14,3,March,1,2026,0
20260401,2026-04-01,Wednesday,3,14,4,April,2,2026,0
20260402,2026-04-02,Thursday,4,14,4,April,2,2026,0
20260403,2026-04-03,Friday,5,14,4,April,2,2026,0
20260404,2026-04-04,Saturday,6,14,4,April,2,2026,1
20260405,2026-04-05,Sunday,7,14,4,April,2,2026,1
20260406,2026-04-06,Monday,1,15,4,April,2,2026,0
20260407,2026-04-07,Tuesday,2,15,4,April,2,2026,0
20260408,2026-04-08,Wednesday,3,15,4,April,2,2026,0
20260409,2026-04-09,Thursday,4,15,4,April,2,2026,0
20260410,2026-04-10,Friday,5,15,4,April,2,2026,0
20260411,2026-04-11,Saturday,6,15,4,April,2,2026,1
20260412,2026-04-12,Sunday,7,15,4,April,2,2026,1
20260413,2026-04-13,Monday,1,16,4,April,2,2026,0
20260414,2026-04-14,Tuesday,2,16,4,April,2,2026,0
20260415,2026-04-15,Wednesday,3,16,4,April,2,2026,0
20260416,2026-04-16,Thursday,4,16,4,April,2,2026,0
20260417,2026-04-17,Friday,5,16,4,April,2,2026,0
20260418,2026-04-18,Saturday,6,16,4,April,2,2026,1
20260419,2026-04-19,Sunday,7,16,4,April,2,2026,1
20260420,2026-04-20,Monday,1,17,4,April,2,2026,0
20260421,2026-04-21,Tuesday,2,17,4,April,2,2026,0
20260422,2026-04-22,Wednesday,3,17,4,April,2,2026,0
20260423,2026-04-23,Thursday,4,17,4,April,2,2026,0
20260424,2026-04-24,Friday,5,17,4,April,2,2026,0
20260425,2026-04-25,Saturday,6,17,4,April,2,2026,1
20260426,2026-04-26,Sunday,7,17,4,April,2,2026,1
20260427,2026-04-27,Monday,1,18,4,April,2,2026,0
20260428,2026-04-27,Tuesday,2,18,4,April,2,2026,0
20260429,2026-04-29,Wednesday,3,18,4,April,2,2026,0
20260430,2026-04-30,Thursday,4,18,4,April,2,2026,0
20260501,2026-05-01,Friday,5,18,5,May,2,2026,0
20260502,2026-05-02,Saturday,6,18,5,May,2,2026,1
20260503,2026-05-03,Sunday,7,18,5,May,2,2026,1
20260504,2026-05-04,Monday,1,19,5,May,0,2026,0
20260505,2026-05-05,Tuesday,2,19,5,May,2,2026,0
20260506,2026-05-06,Wednesday,3,19,5,May,2,2026,0
20260507,2026-05-07,Thursday,4,19,5,May,2,2026,0
20260508,2026-05-08,Friday,5,19,5,May,2,2026,0
20260509,2026-05-09,Saturday,6,19,5,May,2,2026,1
20260510,2026-05-10,Sunday,7,19,5,May,2,2026,1
20260511,2026-05-11,Monday,1,20,5,May,2,2026,0
20260512,2026-05-12,Tuesday,2,20,5,May,2,2026,0
20260513,2026-05-13,Wednesday,3,20,5,May,2,2026,0
20260514,2026-05-14,Thursday,4,20,5,May,2,2026,0
20260515,2026-05-15,Friday,5,20,5,May,2,2026,0
20260516,2026-05-16,Saturday,6,20,5,May,2,2026,1
20260517,2026-05-17,Sunday,7,20,5,May,2,2026,1
20260518,2026-05-18,Monday,1,21,5,May,2,2026,0
20260519,2026-05-19,Tuesday,2,21,5,May,2,2026,0
20260520,2026-05-20,Wednesday,3,21,5,May,2,2026,0
20260521,2026-05-21,Thursday,4,21,5,May,2,2026,0
20260522,2026-05-22,Friday,5,21,5,May,2,2026,0
20260523,2026-05-23,Saturday,6,21,5,May,2,2026,1
20260524,2026-05-24,Sunday,7,21,5,May,2,2026,1
20260525,2026-05-25,Monday,1,22,5,MAY,2,2026,0
20260526,2026-05-26,Tuesday,2,22,5,May,2,2026,0
20260527,2026-05-27,Wednesday,3,22,5,May,2,2026,0
20260528,2026-05-28,Thursday,4,22,5,May,2,2026,0
20260529,2026-05-29,Friday,5,22,5,May,2,2026,0
20260530,2026-05-30,Saturday,6,22,5,May,2,2026,1
20260531,2026-05-31,Sunday,7,22,5,May,2,2026,1
20260601,2026-06-01,Monday,1,23,6,June,2,2026,0
20260602,2026-06-02,Tuesday,2,23,6,June,2,2026,0
20260603,2026-06-03,Wednesday,3,23,6,June,2,2026,0
20260604,2026-06-04,Thursday,4,23,6,June,2,2026,0
20260605,2026-06-05,Friday,5,23,6,June,2,2026,0
20260606,2026-06-06,Saturday,6,23,6,June,2,2026,1
20260607,2026-06-07,Sunday,7,23,6,June,2,2026,1
20260608,2026-06-08,Monday,1,24,6,june,2,2026,0
20260609,2026-06-09,Tuesday,2,24,6,June,2,2026,0
20260610,2026-06-10,Wednesday,3,24,6,June,2,2026,0
20260611,2026-06-11,Thursday,4,24,6,June,2,2026,0
20260612,2026-06-12,Friday,5,24,6,June,2,2026,0
20260613,2026-06-13,Saturday,6,24,6,June,2,2026,1
20260614,2026-06-14,Sunday,7,24,6,June,2,2026,1
20260615,2026-06-15,Monday,1,25,6,June,2,2026,0
20260616,2026-06-16,Tuesday,2,25,6,June,2,2026,0
20260617,2026-06-17,Wednesday,3,25,6,June,2,2026,0
20260618,2026-06-18,Thursday,4,25,6,June,2,2026,0
20260619,2026-06-19,Friday,5,25,6,June,2,2026,0
20260620,2026-06-20,Saturday,6,25,6,June,2,2026,1
20260621,2026-06-21,Sunday,7,25,6,June,2,2026,1
20260622,2026-06-22,Thursdy,1,26,6,June,2,2026,0
20260623,2026-06-23,Tuesday,2,26,6,June,2,2026,0
20260624,2026-06-24,Wednesday,3,26,6,June,2,2026,0
20260625,2026-06-25,Thursday,4,26,6,June,2,2026,0
20260626,2026-06-26,Friday,5,26,6,June,2,2026,0
20260627,2026-06-27,Saturday,6,26,6,June,2,2026,1
20260628,2026-06-28,Sunday,7,26,6,June,2,2026,1
20260629,2026-06-29,Monday,1,27,6,June,2,2026,0
20260630,2026-06-30,Tuesday,2,27,6,June,2,2026,0
20260701,2026-07-01,Wednesday,3,27,7,July,3,2026,0
20260702,2026-07-02,Thursday,4,27,7,July,3,2026,0
20260703,2026-07-03,Friday,5,27,7,July,3,2026,0
20260704,2026-07-04,Saturday,6,27,7,July,3,2026,1
20260705,2026-07-05,Sunday,7,27,7,July,3,2026,1
20260706,2026-07-06,Monday,1,28,7,July,3,2026,0
20260707,2026-07-07,Tuesday,2,28,7,July,3,2026,0
20260708,2026-07-08,Wednesday,3,28,7,July,3,2026,0
20260709,2026-07-09,Thursday,4,28,7,JULY,3,2026,0
20260710,2026-07-10,Friday,5,28,7,July,3,2026,0
20260711,2026-07-11,Saturday,6,28,7,July,3,2026,1
20260712,2026-07-12,Sunday,7,28,7,July,3,2026,1
20260713,2026-07-13,Monday,1,29,7,July,3,2026,0
20260714,2026-07-14,Tuesday,2,29,7,July,3,2026,0
20260715,2026-07-15,Wednesday,3,29,7,July,3,2026,0
20260716,2026-07-16,Thursday,4,29,7,July,3,2026,0
20260717,2026-07-17,Friday,5,29,7,July,3,2026,0
20260718,2026-07-18,Saturday,6,29,7,July,3,2026,1
20260719,2026-07-19,Sunday,7,29,7,July,3,2026,1
20260720,2026-07-20,Monday,1,30,7,July,3,2026,0
20260721,2026-07-21,Tuesday,2,30,7,July,3,2026,0
20260722,2026-07-22,Wednesday,3,30,7,July,3,2026,0
20260723,2026-07-23,Thursday,4,30,7,July,3,2026,0
20260724,2026-07-24,Friday,5,30,7,July,3,2026,0
20260725,2026-07-25,Saturday,6,30,7,July,3,2026,1
20260726,2026-07-26,Sunday,7,30,7,July,3,2026,1
20260727,2026-07-27,Monday,1,31,7,July,3,2026,0
20260728,2026-07-28,Tuesday,2,31,7,July,3,2026,0
20260729,2026-07-29,Wednesday,3,31,7,July,3,2026,0
20260730,2026-07-30,Thursday,4,31,7,July,3,2026,0
20260731,2026-07-31,Friday,5,31,7,July,3,2026,0
20260801,2026-08-01,Saturday,6,31,8,August,3,2026,1
20260802,2026-08-02,Sunday,7,31,8,August,3,2026,1
20260803,2026-08-03,Monday,1,32,8,August,3,2026,0
20260804,2026-08-04,Tuesday,2,32,8,August,3,2026,0
20260805,2026-08-05,Wednesday,3,32,8,August,3,2026,0
20260806,2026-08-06,Thursday,4,32,8,August,3,2026,0
20260807,2026-08-07,Friday,5,32,8,August,3,2026,0
20260808,2026-08-08,Saturday,6,32,8,August,3,2026,1
20260809,2026-08-09,Sunday,7,32,8,August,3,2026,1
20260810,2026-08-10,Monday,1,33,8,August,3,2027,0
20260811,2026-08-11,Tuesday,2,33,8,August,3,2026,0
20260812,2026-08-12,Wednesday,3,33,8,August,3,2026,9
20260813,2026-08-13,Thursday,4,33,8,August,3,2026,0
20260814,2026-08-14,Friday,5,33,8,August,3,2026,0
20260815,2026-08-15,Saturday,6,33,8,August,3,2026,1
20260816,2026-08-16,Sunday,7,33,8,August,3,2026,1
20260817,2026-08-17,Monday,1,34,8,August,3,2026,0
20260818,2026-08-18,Tuesday,2,34,8,August,3,2026,0
