person_id,employee_id,employment_type,contractor_company,department,job_title,age_band_code,years_experience,training_status
0,UNKNOWN,Unknown,Unknown,Unknown,Unknown,Unknown,0.0,Unknown
1,EMP-00001,Employee,None,Laboratory,Chemist,3,2.6,Current
2,EMP-00002,Employee,None,Maintenance,Electrical Technician,3,7.6,Current
3,CTR-00003,Contractor,Prime Offshore Contractors,Security,Security Supervisor,1,5.7,Due within 30 days
4,EMP-00004,Employee,None,Laboratory,Chemist,4,4.3,Current
5,EMP-00005,Employee,None,Security,Security Officer,3,6.3,Current
6,CTR-00006,Contractor,Prime Offshore Contractors,Security,Security Officer,3,5.0,Expired
7,EMP-00007,Employee,None,Engineering,Reliability Engineer,3,10.4,Expired
8,EMP-00008,Employee,None,Projects,QA/QC Inspector,2,4.5,Expired
9,EMP-00009,Employee,None,Laboratory,Chemist,4,14.3,Current
10,EMP-00010,Employee,None,Maintenance,Maintenance Supervisor,1,0.6,Current
11,EMP-00011,Employee,None,Maintenance,Instrument Technician,1,1.9,Current
12,CTR-00012,Contractor,Prime Offshore Contractors,Logistics,Driver,4,10.3,Due within 30 days
13,CTR-00013,Contractor,Coastal Logistics Ltd,Laboratory,Sampling Technician,3,6.0,Current
14,CTR-00014,Contractor,Integrated Drilling Services,Laboratory,Chemist,3,14.9,Current
15,CTR-00015,Contractor,SafeBuild Engineering,Marine,Marine Supervisor,4,1.7,Expired
16,CTR-00016,Contractor,Atlantic Marine Support,Engineering,Process Engineer,2,5.7,Current
17,EMP-00017,Employee,None,Marine,Crane Operator,2,3.9,Current
18,EMP-00018,Employee,None,Maintenance,Electrical Technician,2,4.6,Expired
19,CTR-00019,Contractor,WestCo Services Ltd,Maintenance,Mechanical Technician,3,17.3,Current
20,EMP-00020,Employee,None,HSE,HSE Advisor,2,3.3,Current
21,EMP-00021,Employee,None,Projects,Construction Supervisor,3,10.1,Current
22,EMP-00022,Employee,None,Laboratory,Chemist,2,11.8,Current
23,CTR-00023,Contractor,Delta Industrial Services,Projects,QA/QC Inspector,3,3.2,Due within 30 days
24,EMP-00024,Employee,None,Operations,Process Operator,2,2.6,Current
25,CTR-00025,Contractor,Coastal Logistics Ltd,Security,Security Officer,2,2.2,Incomplete
26,CTR-00026,Contractor,Atlantic Marine Support,Operations,Control Room Operator,3,7.7,Current
27,EMP-00027,Employee,None,HSE,HSE Officer,1,1.2,Current
28,CTR-00028,Contractor,Delta Industrial Services,Laboratory,Laboratory Technician,2,6.3,Current
29,CTR-00029,Contractor,Prime Offshore Contractors,Logistics,Warehouse Technician,3,6.1,Current
30,CTR-00030,Contractor,Integrated Drilling Services,HSE,Environmental Officer,2,4.3,Current
31,EMP-00031,Employee,None,HSE,Environmental Officer,4,17.3,Incomplete
32,EMP-00032,Employee,None,Projects,QA/QC Inspector,2,6.1,Current
33,EMP-00033,Employee,None,Marine,Deck Crew,4,8.9,Expired
34,CTR-00034,Contractor,Coastal Logistics Ltd,HSE,HSE Officer,2,5.4,Current
35,CTR-00035,Contractor,Coastal Logistics Ltd,Projects,QA/QC Inspector,3,10.4,Current
36,EMP-00036,Employee,None,Operations,Process Operator,2,10.4,Current
37,CTR-00037,Contractor,Atlantic Marine Support,Maintenance,Instrument Technician,2,6.7,Current
38,CTR-00038,Contractor,PetroMaint Solutions,Operations,Production Technician,5,15.8,Current
39,CTR-00039,Contractor,WestCo Services Ltd,Laboratory,Laboratory Technician,2,3.9,Current
40,EMP-00040,Employee,None,Logistics,Driver,4,21.5,Current
41,EMP-00041,Employee,None,Projects,Project Engineer,3,10.9,Expired
42,EMP-00042,Employee,None,Logistics,Warehouse Technician,3,10.4,Current
43,CTR-00043,Contractor,Prime Offshore Contractors,Projects,Project Engineer,1,6.9,Due within 30 days
44,CTR-00044,Contractor,PetroMaint Solutions,Security,Security Officer,2,1.9,Current
45,CTR-00045,Contractor,Coastal Logistics Ltd,Marine,Marine Technician,4,15.1,Current
46,CTR-00046,Contractor,Coastal Logistics Ltd,Laboratory,Chemist,3,4.3,Current
47,EMP-00047,Employee,None,Logistics,Logistics Coordinator,4,14.8,Current
48,EMP-00048,Employee,None,Projects,Field Engineer,2,5.7,Current
49,CTR-00049,Contractor,Integrated Drilling Services,Logistics,Forklift Operator,2,4.9,Current
50,EMP-00050,Employee,None,Marine,Marine Supervisor,3,16.8,Current
51,CTR-00051,Contractor,Prime Offshore Contractors,Maintenance,Instrument Technician,1,5.8,Due within 30 days
52,CTR-00052,Contractor,Prime Offshore Contractors,Drilling,Drilling Supervisor,2,4.8,Current
53,CTR-00053,Contractor,Atlantic Marine Support,Operations,Process Operator,3,6.6,Due within 30 days
54,EMP-00054,Employee,None,Engineering,Reliability Engineer,2,6.4,Incomplete
55,EMP-00055,Employee,None,Logistics,Logistics Coordinator,2,4.0,Expired
56,EMP-00056,Employee,None,Security,Security Supervisor,2,10.8,Current
57,CTR-00057,Contractor,WestCo Services Ltd,Logistics,Warehouse Technician,1,1.5,Current
58,EMP-00058,Employee,None,Logistics,Driver,1,6.4,Incomplete
59,CTR-00059,Contractor,Prime Offshore Contractors,Drilling,Assistant Driller,4,16.9,Current
60,EMP-00060,Employee,None,Logistics,Logistics Coordinator,3,8.2,Current
61,EMP-00061,Employee,None,Security,Security Officer,4,6.1,Due within 30 days
62,EMP-00062,Employee,None,Projects,Construction Supervisor,3,8.7,Incomplete
63,EMP-00063,Employee,None,Marine,Deck Officer,3,6.2,Current
64,EMP-00064,Employee,None,Engineering,Electrical Engineer,2,4.3,Expired
65,EMP-00065,Employee,None,Maintenance,Electrical Technician,5,16.8,Current
66,EMP-00066,Employee,None,HSE,Occupational Health Officer,3,16.5,Current
67,EMP-00067,Employee,None,Projects,Field Engineer,1,7.6,Current
68,CTR-00068,Contractor,Prime Offshore Contractors,Marine,Marine Supervisor,1,5.6,Current
69,CTR-00069,Contractor,PetroMaint Solutions,Laboratory,Laboratory Technician,4,10.2,Current
70,EMP-00070,Employee,None,Engineering,Process Engineer,3,2.1,Current
71,EMP-00071,Employee,None,Marine,Marine Supervisor,2,13.9,Current
72,EMP-00072,Employee,None,Drilling,Derrickhand,2,2.4,Expired
73,CTR-00073,Contractor,Atlantic Marine Support,Logistics,Warehouse Technician,1,6.6,Expired
74,CTR-00074,Contractor,Atlantic Marine Support,Projects,QA/QC Inspector,4,7.3,Due within 30 days
75,CTR-00075,Contractor,SafeBuild Engineering,Projects,Field Engineer,3,17.2,Current
76,EMP-00076,Employee,None,Drilling,Assistant Driller,1,4.1,Current
77,EMP-00077,Employee,None,Maintenance,Maintenance Supervisor,2,4.4,Current
78,CTR-00078,Contractor,Coastal Logistics Ltd,Security,Security Officer,5,19.2,Current
79,EMP-00079,Employee,None,Engineering,Process Engineer,4,2.6,Current
80,EMP-00080,Employee,None,Operations,Process Operator,2,9.3,Current
81,EMP-00081,Employee,None,Maintenance,Maintenance Supervisor,3,9.3,Due within 30 days
82,CTR-00082,Contractor,Atlantic Marine Support,Logistics,Warehouse Technician,2,6.0,Current
83,CTR-00083,Contractor,SafeBuild Engineering,Drilling,Driller,4,5.1,Current
84,CTR-00084,Contractor,PetroMaint Solutions,Marine,Marine Supervisor,4,8.0,Incomplete
85,EMP-00085,Employee,None,Drilling,Driller,2,4.8,Current
86,EMP-00086,Employee,None,Drilling,Assistant Driller,2,3.7,Current
87,CTR-00087,Contractor,SafeBuild Engineering,Security,Security Supervisor,2,4.0,Current
88,CTR-00088,Contractor,WestCo Services Ltd,Marine,Marine Technician,2,5.4,Current
89,EMP-00089,Employee,None,Projects,Project Engineer,3,2.9,Current
90,EMP-00090,Employee,None,Engineering,Electrical Engineer,2,6.8,Current
91,CTR-00091,Contractor,Delta Industrial Services,HSE,HSE Officer,4,4.4,Current
92,CTR-00092,Contractor,Coastal Logistics Ltd,Drilling,Driller,2,4.3,Incomplete
93,EMP-00093,Employee,None,Security,Security Supervisor,3,10.9,Expired
94,EMP-00094,Employee,None,Engineering,Process Engineer,2,3.6,Current
95,CTR-00095,Contractor,WestCo Services Ltd,Marine,Deck Crew,2,7.4,Current
96,EMP-00096,Employee,None,Security,Security Officer,2,1.3,Expired
97,EMP-00097,Employee,None,Security,Security Officer,3,10.8,Current
98,EMP-00098,Employee,None,HSE,HSE Officer,2,12.7,Due within 30 days
99,EMP-00099,Employee,None,Logistics,Warehouse Technician,3,8.7,Due within 30 days
100,CTR-00100,Contractor,Integrated Drilling Services,Logistics,Warehouse Technician,1,2.7,Current
101,EMP-00101,Employee,None,Drilling,Drilling Supervisor,2,3.0,Current
102,CTR-00102,Contractor,Delta Industrial Services,Logistics,Warehouse Technician,2,2.4,Due within 30 days
103,CTR-00103,Contractor,Atlantic Marine Support,Drilling,Drilling Supervisor,2,7.5,Expired
104,EMP-00104,Employee,None,Laboratory,Sampling Technician,2,1.8,Current
105,EMP-00105,Employee,None,Logistics,Logistics Coordinator,3,9.8,Incomplete
106,CTR-00106,Contractor,Integrated Drilling Services,Drilling,Assistant Driller,1,1.7,Due within 30 days
107,EMP-00107,Employee,None,Projects,Project Engineer,2,5.6,Current
108,EMP-00108,Employee,None,Operations,Process Operator,2,3.3,Current
109,CTR-00109,Contractor,PetroMaint Solutions,Engineering,Electrical Engineer,4,8.8,Current
110,EMP-00110,Employee,None,Drilling,Derrickhand,3,16.6,Expired
111,EMP-00111,Employee,None,Security,Security Supervisor,2,5.0,Current
112,EMP-00112,Employee,None,Engineering,Electrical Engineer,3,19.8,Current
113,EMP-00113,Employee,None,Projects,Project Engineer,3,7.8,Incomplete
114,CTR-00114,Contractor,SafeBuild Engineering,Marine,Marine Technician,2,6.4,Current
115,EMP-00115,Employee,None,Security,Security Officer,3,7.2,Expired
116,EMP-00116,Employee,None,Maintenance,Maintenance Supervisor,4,10.5,Current
117,CTR-00117,Contractor,Prime Offshore Contractors,Logistics,Driver,3,12.5,Current
118,CTR-00118,Contractor,Coastal Logistics Ltd,Engineering,Process Engineer,1,4.3,Current
119,CTR-00119,Contractor,WestCo Services Ltd,Marine,Marine Supervisor,4,9.8,Current
120,CTR-00120,Contractor,SafeBuild Engineering,HSE,HSE Advisor,2,0.7,Due within 30 days
121,CTR-00121,Contractor,Integrated Drilling Services,Laboratory,Laboratory Technician,2,5.5,Current
122,EMP-00122,Employee,None,Security,Security Supervisor,4,5.1,Due within 30 days
123,CTR-00123,Contractor,Delta Industrial Services,Logistics,Logistics Coordinator,4,8.7,Current
124,EMP-00124,Employee,None,Security,Security Supervisor,2,3.6,Current
125,EMP-00125,Employee,None,Marine,Marine Supervisor,2,1.9,Current
126,CTR-00126,Contractor,Atlantic Marine Support,Projects,Construction Supervisor,3,2.5,Current
127,CTR-00127,Contractor,Prime Offshore Contractors,Marine,Deck Officer,3,9.4,Current
128,CTR-00128,Contractor,Integrated Drilling Services,Marine,Marine Technician,4,11.6,Current
129,CTR-00129,Contractor,Integrated Drilling Services,HSE,HSE Officer,1,0.8,Current
130,CTR-00130,Contractor,Integrated Drilling Services,HSE,Environmental Officer,3,13.7,Due within 30 days
131,EMP-00131,Employee,None,Projects,Field Engineer,2,5.6,Incomplete
132,EMP-00132,Employee,None,Engineering,Process Engineer,3,2.5,Current
133,CTR-00133,Contractor,Delta Industrial Services,Engineering,Process Engineer,1,7.8,Current
134,CTR-00134,Contractor,Coastal Logistics Ltd,Maintenance,Maintenance Supervisor,3,13.0,Expired
135,EMP-00135,Employee,None,Operations,Control Room Operator,3,4.5,Due within 30 days
136,EMP-00136,Employee,None,Security,Security Supervisor,3,3.9,Current
137,EMP-00137,Employee,None,Engineering,Mechanical Engineer,4,2.1,Current
138,EMP-00138,Employee,None,Security,Security Supervisor,4,4.7,Current
139,EMP-00139,Employee,None,Marine,Marine Supervisor,3,14.0,Current
140,CTR-00140,Contractor,Prime Offshore Contractors,Security,Security Supervisor,2,5.5,Due within 30 days
141,EMP-00141,Employee,None,Projects,Construction Supervisor,2,9.7,Current
142,EMP-00142,Employee,None,Marine,Deck Officer,3,8.3,Current
143,CTR-00143,Contractor,SafeBuild Engineering,Laboratory,Laboratory Technician,2,5.0,Current
144,CTR-00144,Contractor,PetroMaint Solutions,Drilling,Roustabout,4,10.7,Current
145,EMP-00145,Employee,None,Engineering,Electrical Engineer,2,5.0,Current
146,CTR-00146,Contractor,Integrated Drilling Services,Security,Security Supervisor,3,1.0,Current
147,CTR-00147,Contractor,SafeBuild Engineering,Laboratory,Chemist,3,8.9,Incomplete
148,EMP-00148,Employee,None,Security,Security Officer,4,8.1,Current
149,EMP-00149,Employee,None,Security,Security Supervisor,4,15.6,Current
150,CTR-00150,Contractor,SafeBuild Engineering,Drilling,Derrickhand,2,2.3,Current
151,CTR-00151,Contractor,Atlantic Marine Support,Operations,Control Room Operator,2,4.7,Current
152,EMP-00152,Employee,None,Projects,QA/QC Inspector,4,16.6,Current
153,CTR-00153,Contractor,WestCo Services Ltd,Maintenance,Electrical Technician,2,6.2,Current
154,CTR-00154,Contractor,PetroMaint Solutions,HSE,HSE Advisor,4,10.8,Current
155,CTR-00155,Contractor,WestCo Services Ltd,Logistics,Warehouse Technician,3,10.1,Current
156,EMP-00156,Employee,None,Projects,Project Engineer,2,4.9,Current
157,EMP-00157,Employee,None,HSE,HSE Advisor,2,3.4,Expired
158,CTR-00158,Contractor,Delta Industrial Services,Logistics,Logistics Coordinator,2,3.5,Current
159,EMP-00159,Employee,None,Engineering,Process Engineer,2,3.2,Current
160,CTR-00160,Contractor,Integrated Drilling Services,Laboratory,Chemist,3,2.0,Current
161,CTR-00161,Contractor,SafeBuild Engineering,Maintenance,Maintenance Supervisor,2,1.9,Current
162,CTR-00162,Contractor,WestCo Services Ltd,HSE,HSE Officer,5,20.2,Current
163,EMP-00163,Employee,None,Projects,QA/QC Inspector,3,2.4,Due within 30 days
164,EMP-00164,Employee,None,Operations,Process Operator,2,7.7,Due within 30 days
165,EMP-00165,Employee,None,Maintenance,Maintenance Supervisor,2,9.0,Current
166,CTR-00166,Contractor,Atlantic Marine Support,Laboratory,Sampling Technician,2,11.6,Current
167,CTR-00167,Contractor,SafeBuild Engineering,Marine,Marine Technician,2,12.0,Current
168,EMP-00168,Employee,None,Projects,QA/QC Inspector,2,6.5,Current
169,CTR-00169,Contractor,Delta Industrial Services,Security,Security Supervisor,3,2.0,Current
170,EMP-00170,Employee,None,Laboratory,Laboratory Technician,3,3.7,Current
171,EMP-00171,Employee,None,HSE,HSE Advisor,1,3.3,Incomplete
172,EMP-00172,Employee,None,Drilling,Assistant Driller,1,7.8,Current
173,EMP-00173,Employee,None,Maintenance,Mechanical Technician,3,9.9,Current
174,EMP-00174,Employee,None,Marine,Marine Supervisor,2,5.1,Current
175,CTR-00175,Contractor,PetroMaint Solutions,Drilling,Driller,3,9.0,Current
176,EMP-00176,Employee,None,Operations,Process Operator,3,3.0,Current
177,CTR-00177,Contractor,Prime Offshore Contractors,Operations,Production Technician,3,13.5,Current
178,EMP-00178,Employee,None,Marine,Marine Technician,2,1.5,Due within 30 days
179,EMP-00179,Employee,None,Engineering,Mechanical Engineer,2,0.8,Current
180,CTR-00180,Contractor,WestCo Services Ltd,Logistics,Forklift Operator,2,2.1,Current
181,EMP-00181,Employee,None,Laboratory,Chemist,3,7.0,Current
182,EMP-00182,Employee,None,Operations,Process Operator,3,4.0,Expired
183,EMP-00183,Employee,None,Marine,Marine Supervisor,2,2.3,Incomplete
184,EMP-00184,Employee,None,Logistics,Warehouse Technician,3,4.2,Due within 30 days
185,EMP-00185,Employee,None,Operations,Production Technician,2,3.4,Current
186,CTR-00186,Contractor,Delta Industrial Services,Security,Security Officer,4,12.9,Current
187,EMP-00187,Employee,None,Marine,Marine Technician,4,9.4,Current
188,EMP-00188,Employee,None,Laboratory,Chemist,2,7.6,Current
189,EMP-00189,Employee,None,Maintenance,Electrical Technician,3,2.3,Current
190,EMP-00190,Employee,None,Security,Security Supervisor,2,6.1,Current
191,EMP-00191,Employee,None,Operations,Process Operator,5,9.3,Current
192,EMP-00192,Employee,None,Projects,Field Engineer,4,3.9,Current
193,EMP-00193,Employee,None,HSE,Occupational Health Officer,2,1.3,Current
194,EMP-00194,Employee,None,Maintenance,Mechanical Technician,1,2.8,Current
195,EMP-00195,Employee,None,Security,Security Officer,3,8.6,Due within 30 days
196,EMP-00196,Employee,None,Marine,Deck Officer,2,6.1,Due within 30 days
197,EMP-00197,Employee,None,Security,Security Officer,3,11.0,Due within 30 days
198,EMP-00198,Employee,None,Logistics,Logistics Coordinator,3,13.0,Current
199,EMP-00199,Employee,None,Projects,QA/QC Inspector,5,9.4,Due within 30 days
200,CTR-00200,Contractor,Coastal Logistics Ltd,Projects,Project Engineer,3,23.7,Current
201,CTR-00201,Contractor,SafeBuild Engineering,Laboratory,Chemist,3,4.8,Current
202,EMP-00202,Employee,None,HSE,Environmental Officer,3,7.2,Expired
203,EMP-00203,Employee,None,Marine,Crane Operator,2,3.8,Current
204,CTR-00204,Contractor,Integrated Drilling Services,Operations,Control Room Operator,4,12.5,Current
205,EMP-00205,Employee,None,Laboratory,Chemist,4,21.8,Expired
206,CTR-00206,Contractor,Coastal Logistics Ltd,Operations,Operations Supervisor,1,1.6,Current
207,EMP-00207,Employee,None,Security,Security Officer,3,7.2,Current
208,EMP-00208,Employee,None,Drilling,Derrickhand,2,4.7,Expired
209,EMP-00209,Employee,None,Maintenance,Instrument Technician,4,11.4,Incomplete
210,CTR-00210,Contractor,Prime Offshore Contractors,Drilling,Drilling Supervisor,3,15.1,Current
211,EMP-00211,Employee,None,Projects,Project Engineer,5,8.9,Current
212,CTR-00212,Contractor,Prime Offshore Contractors,Security,Security Supervisor,2,2.8,Current
213,EMP-00213,Employee,None,Drilling,Drilling Supervisor,1,0.9,Current
214,EMP-00214,Employee,None,Security,Security Officer,2,5.7,Current
215,CTR-00215,Contractor,WestCo Services Ltd,Maintenance,Electrical Technician,3,12.2,Current
216,EMP-00216,Employee,None,Marine,Crane Operator,2,3.4,Current
217,CTR-00217,Contractor,Prime Offshore Contractors,Marine,Crane Operator,4,19.8,Current
218,EMP-00218,Employee,None,Laboratory,Sampling Technician,2,7.0,Current
219,EMP-00219,Employee,None,Laboratory,Chemist,3,7.3,Current
220,EMP-00220,Employee,None,Drilling,Roustabout,2,9.3,Current
221,EMP-00221,Employee,None,Maintenance,Electrical Technician,3,7.4,Current
222,CTR-00222,Contractor,SafeBuild Engineering,Projects,QA/QC Inspector,2,4.7,Expired
223,EMP-00223,Employee,None,Operations,Operations Supervisor,2,17.4,Current
224,CTR-00224,Contractor,SafeBuild Engineering,Drilling,Derrickhand,4,12.3,Current
225,CTR-00225,Contractor,WestCo Services Ltd,Projects,Construction Supervisor,2,8.7,Due within 30 days
226,EMP-00226,employee,None,Logistics,Driver,3,9.2,Current
227,CTR-00227,Contractor,Coastal Logistics Ltd,Security,Security Supervisor,1,2.0,Due within 30 days
228,EMP-00228,Employee,None,HSE,Occupational Health Officer,4,4.0,Current
229,EMP-00229,Employee,None,Engineering,Reliability Engineer,4,15.7,Current
230,CTR-00230,Contractor,Coastal Logistics Ltd,Projects,Construction Supervisor,2,1.9,Current
231,CTR-00231,Contractor,Integrated Drilling Services,Logistics,Forklift Operator,3,15.5,Current
232,EMP-00232,Employee,None,Drilling,Drilling Supervisor,2,7.3,Current
233,CTR-00233,Contractor,Coastal Logistics Ltd,Operations,Production Technician,4,12.7,Current
234,CTR-00234,Contractor,Integrated Drilling Services,Security,Security Supervisor,3,6.7,Current
235,CTR-00235,Contractor,Coastal Logistics Ltd,Engineering,Process Engineer,4,8.9,Expired
236,EMP-00236,Employee,None,Projects,Construction Supervisor,4,11.3,Current
237,EMP-00237,Employee,None,Projects,Field Engineer,2,7.7,Current
238,EMP-00238,Employee,None,Security,Security Officer,2,4.6,Current
239,EMP-00239,Employee,None,Maintenance,Maintenance Supervisor,2,7.0,Expired
240,CTR-00240,Contractor,WestCo Services Ltd,Projects,Construction Supervisor,2,3.3,Current
241,EMP-00241,Employee,None,Marine,Deck Crew,2,3.2,Due within 30 days
242,CTR-00242,Contractor,SafeBuild Engineering,Security,Security Officer,5,17.1,Current
243,CTR-00243,Contractor,SafeBuild Engineering,Security,Security Officer,3,13.5,Current
244,EMP-00244,Employee,None,Logistics,Driver,3,2.8,Current
245,EMP-00245,Employee,None,Drilling,Assistant Driller,2,11.3,Incomplete
246,EMP-00246,Employee,None,Operations,Process Operator,2,9.4,Expired
247,CTR-00247,Contractor,Coastal Logistics Ltd,Marine,Marine Technician,4,20.6,Current
248,CTR-00248,Contractor,WestCo Services Ltd,Maintenance,Mechanical Technician,2,1.7,Current
249,CTR-00249,Contractor,Integrated Drilling Services,Projects,QA/QC Inspector,2,1.8,Current
250,EMP-00250,Employee,None,Marine,Deck Crew,2,10.4,Current
251,CTR-00251,Contractor,Delta Industrial Services,Maintenance,Maintenance Supervisor,2,6.4,Due within 30 days
252,EMP-00252,Employee,None,Drilling,Assistant Driller,2,3.3,Current
253,CTR-00253,Contractor,Integrated Drilling Services,Logistics,Warehouse Technician,3,4.7,Due within 30 days
254,CTR-00254,Contractor,Integrated Drilling Services,Engineering,Mechanical Engineer,3,11.4,Current
255,EMP-00255,Employee,None,Operations,Operations Supervisor,2,6.5,Due within 30 days
256,EMP-00256,Employee,None,Projects,Field Engineer,5,14.7,Current
257,EMP-00257,Employee,None,Engineering,Reliability Engineer,4,16.2,Current
258,CTR-00258,Contractor,Delta Industrial Services,Logistics,Warehouse Technician,3,1.4,Due within 30 days
259,CTR-00259,Contractor,Coastal Logistics Ltd,Laboratory,Chemist,4,10.2,Current
260,EMP-00260,Employee,None,Operations,Control Room Operator,3,15.1,Current
261,EMP-00261,Employee,None,Projects,QA/QC Inspector,4,2.7,Current
262,EMP-00262,Employee,None,Security,Security Supervisor,1,3.1,Current
263,EMP-00263,Employee,None,HSE,Environmental Officer,4,8.7,Current
264,CTR-00264,Contractor,PetroMaint Solutions,HSE,HSE Officer,2,4.5,Expired
265,EMP-00265,Employee,None,Drilling,Roustabout,3,4.2,Current
266,CTR-00266,Contractor,Atlantic Marine Support,Marine,Marine Technician,2,4.5,Expired
267,EMP-00267,Employee,None,HSE,Occupational Health Officer,3,4.8,Current
268,EMP-00268,Employee,None,Operations,Control Room Operator,1,0.9,Current
269,EMP-00269,Employee,None,Laboratory,Chemist,4,9.2,Current
270,EMP-00270,Employee,None,Security,Security Supervisor,2,3.7,Current
271,CTR-00271,Contractor,Delta Industrial Services,Projects,Project Engineer,1,5.0,Incomplete
272,EMP-00272,Employee,None,Marine,Crane Operator,1,1.6,Current
273,CTR-00273,Contractor,Coastal Logistics Ltd,Logistics,Logistics Coordinator,3,1.4,Current
274,CTR-00274,Contractor,WestCo Services Ltd,Projects,QA/QC Inspector,2,3.7,Expired
275,EMP-00275,Employee,None,Operations,Production Technician,4,18.7,Current
276,CTR-00276,Contractor,Prime Offshore Contractors,Projects,Field Engineer,3,2.6,Expired
277,CTR-00277,Contractor,Coastal Logistics Ltd,Maintenance,Maintenance Supervisor,4,8.6,Current
278,CTR-00278,Contractor,Atlantic Marine Support,Laboratory,Laboratory Technician,3,9.7,Current
279,EMP-00279,Employee,None,Laboratory,Laboratory Technician,2,3.5,Current
280,EMP-00280,Employee,None,Maintenance,Mechanical Technician,3,5.9,Current
281,EMP-00281,Employee,None,Drilling,Roustabout,4,12.1,Current
282,EMP-00282,Employee,None,Operations,Production Technician,3,4.2,Current
283,CTR-00283,Contractor,Delta Industrial Services,Security,Security Supervisor,2,2.9,Expired
284,EMP-00284,Employee,None,HSE,Occupational Health Officer,5,3.1,Due within 30 days
285,CTR-00285,Contractor,WestCo Services Ltd,Drilling,Driller,1,1.1,Current
286,CTR-00286,Contractor,Atlantic Marine Support,Maintenance,Electrical Technician,3,15.7,Current
287,EMP-00287,Employee,None,Logistics,Driver,3,4.6,Due within 30 days
288,EMP-00288,Employee,None,Logistics,Driver,2,9.9,Current
289,EMP-00289,Employee,None,Operations,Process Operator,4,21.4,Expired
290,EMP-00290,Employee,None,Logistics,Driver,2,2.3,Current
291,EMP-00291,Employee,None,Marine,Marine Supervisor,3,8.7,Current
292,EMP-00292,Employee,None,Projects,QA/QC Inspector,1,0.8,Expired
293,CTR-00293,Contractor,Integrated Drilling Services,Security,Security Supervisor,3,4.6,Expired
294,EMP-00294,Employee,None,Projects,Field Engineer,2,4.7,Current
295,CTR-00295,Contractor,Atlantic Marine Support,Projects,Field Engineer,4,8.3,Due within 30 days
296,CTR-00296,Contractor,SafeBuild Engineering,Security,Security Supervisor,2,12.5,Current
297,EMP-00297,Employee,None,Drilling,Assistant Driller,4,6.5,Incomplete
298,EMP-00298,Employee,None,Engineering,Mechanical Engineer,3,8.7,Due within 30 days
299,EMP-00299,Employee,None,Marine,Deck Officer,4,6.6,Current
300,EMP-00300,Employee,None,Maintenance,Mechanical Technician,1,4.9,Current
301,CTR-00301,Contractor,SafeBuild Engineering,Operations,Process Operator,2,2.5,Current
302,EMP-00302,Employee,None,Engineering,Electrical Engineer,4,2.7,Current
303,EMP-00303,Employee,None,Laboratory,Sampling Technician,3,4.4,Expired
304,EMP-00304,Employee,None,Engineering,Mechanical Engineer,1,1.4,Current
305,CTR-00305,Contractor,Delta Industrial Services,Logistics,Warehouse Technician,4,13.9,Current
306,CTR-00306,Contractor,SafeBuild Engineering,Logistics,Forklift Operator,4,24.1,Current
307,EMP-00307,Employee,None,Engineering,Mechanical Engineer,3,2.5,Current
308,EMP-00308,Employee,None,Projects,QA/QC Inspector,4,6.2,Due within 30 days
309,EMP-00309,Employee,None,Projects,Project Engineer,3,9.9,Current
310,EMP-00310,Employee,None,Maintenance,Mechanical Technician,3,17.0,Current
311,CTR-00311,Contractor,Coastal Logistics Ltd,HSE,HSE Officer,2,5.7,Due within 30 days
312,CTR-00312,Contractor,Coastal Logistics Ltd,Maintenance,Instrument Technician,4,4.4,Current
313,EMP-00313,Employee,None,Laboratory,Laboratory Technician,2,3.6,Due within 30 days
314,CTR-00314,Contractor,Atlantic Marine Support,Projects,Project Engineer,4,10.5,Current
315,EMP-00315,Employee,None,Engineering,Reliability Engineer,2,3.9,Current
316,EMP-00316,Employee,None,Engineering,Electrical Engineer,2,6.6,Current
317,CTR-00317,Contractor,Atlantic Marine Support,Marine,Marine Supervisor,2,1.9,Current
318,CTR-00318,Contractor,WestCo Services Ltd,HSE,Occupational Health Officer,1,6.0,Current
319,EMP-00319,Employee,None,Laboratory,Laboratory Technician,3,6.8,Current
320,CTR-00320,Contractor,SafeBuild Engineering,HSE,HSE Advisor,1,2.2,Due within 30 days
321,EMP-00321,Employee,None,Security,Security Officer,2,3.9,Current
322,EMP-00322,Employee,None,Laboratory,Sampling Technician,2,9.0,Current
323,EMP-00323,Employee,None,Security,Security Officer,4,25.4,Current
324,EMP-00324,Employee,None,Logistics,Driver,3,3.2,Due within 30 days
325,CTR-00325,Contractor,Coastal Logistics Ltd,Projects,Project Engineer,3,12.3,Current
326,CTR-00326,Contractor,SafeBuild Engineering,Operations,Control Room Operator,1,0.9,Incomplete
327,EMP-00327,Employee,None,Laboratory,Laboratory Technician,4,20.2,Due within 30 days
328,CTR-00328,Contractor,Prime Offshore Contractors,Drilling,Drilling Supervisor,3,8.5,Incomplete
329,EMP-00329,Employee,None,Engineering,Process Engineer,4,10.6,Current
330,EMP-00330,Employee,None,Marine,Deck Officer,2,3.1,Current
331,CTR-00331,Contractor,PetroMaint Solutions,Operations,Production Technician,2,1.7,Incomplete
332,EMP-00332,Employee,None,Engineering,Electrical Engineer,2,3.1,Due within 30 days
333,CTR-00333,Contractor,WestCo Services Ltd,Laboratory,Sampling Technician,4,1.6,Current
334,EMP-00334,Employee,None,Projects,Construction Supervisor,2,7.5,Expired
335,CTR-00335,Contractor,Prime Offshore Contractors,Engineering,Reliability Engineer,3,11.9,Current
336,CTR-00336,Contractor,Integrated Drilling Services,Operations,Operations Supervisor,2,2.2,Current
337,CTR-00337,Contractor,WestCo Services Ltd,Maintenance,Maintenance Supervisor,2,4.4,Current
338,CTR-00338,Contractor,Delta Industrial Services,Projects,Field Engineer,4,6.2,Current
339,CTR-00339,Contractor,WestCo Services Ltd,Engineering,Process Engineer,2,2.3,Current
340,CTR-00340,Contractor,Integrated Drilling Services,Projects,QA/QC Inspector,5,24.4,Current
341,EMP-00341,Employee,None,Engineering,Mechanical Engineer,3,5.6,Current
342,CTR-00342,Contractor,SafeBuild Engineering,Maintenance,Maintenance Supervisor,3,14.7,Current
343,EMP-00343,Employee,None,Maintenance,Electrical Technician,4,12.6,Current
344,EMP-00344,Employee,None,Drilling,Drilling Supervisor,2,3.3,Current
345,EMP-00345,Employee,None,Laboratory,Laboratory Technician,3,4.5,Current
346,EMP-00346,Employee,None,Maintenance,Mechanical Technician,3,11.0,Current
347,EMP-00347,Employee,None,Marine,Marine Supervisor,3,9.2,Current
348,EMP-00348,Employee,None,Engineering,Reliability Engineer,2,4.8,Current
349,CTR-00349,Contractor,SafeBuild Engineering,HSE,Occupational Health Officer,2,9.9,Due within 30 days
350,EMP-00350,Employee,None,Security,Security Supervisor,4,3.9,Current
351,CTR-00351,Contractor,Delta Industrial Services,Laboratory,Laboratory Technician,2,3.6,Current
352,CTR-00352,Contractor,WestCo Services Ltd,Projects,Construction Supervisor,1,3.5,Due within 30 days
353,EMP-00353,Employee,None,Logistics,Warehouse Technician,3,5.2,Current
354,CTR-00354,Contractor,Coastal Logistics Ltd,Operations,Operations Supervisor,2,4.7,Expired
355,EMP-00355,Employee,None,Drilling,Assistant Driller,1,4.1,Expired
356,CTR-00356,Contractor,PetroMaint Solutions,Projects,Project Engineer,2,6.8,Current
357,EMP-00357,Employee,None,Maintenance,Electrical Technician,3,8.4,Current
358,EMP-00358,Employee,None,Operations,Control Room Operator,2,1.4,Current
359,EMP-00359,Employee,None,Security,Security Supervisor,3,4.5,Current
360,EMP-00360,Employee,None,Drilling,Driller,2,2.3,Current
361,EMP-00361,Employee,None,Projects,QA/QC Inspector,2,1.9,Current
362,EMP-00362,Employee,None,Maintenance,Mechanical Technician,1,2.8,Due within 30 days
363,EMP-00363,Employee,None,Engineering,Process Engineer,3,13.0,Current
364,CTR-00364,Contractor,Coastal Logistics Ltd,Marine,Crane Operator,2,6.0,Current
365,CTR-00365,Contractor,Atlantic Marine Support,Marine,Deck Officer,1,6.8,Current
366,CTR-00366,Contractor,Delta Industrial Services,Engineering,Process Engineer,3,7.4,Current
367,EMP-00367,Employee,None,Maintenance,Maintenance Supervisor,3,4.7,Current
368,CTR-00368,Contractor,Prime Offshore Contractors,Operations,Production Technician,2,2.3,Due within 30 days
369,CTR-00369,Contractor,Prime Offshore Contractors,Logistics,Forklift Operator,2,9.6,Current
370,EMP-00370,Employee,None,Drilling,Roustabout,3,5.9,Current
371,EMP-00371,Employee,None,Operations,Operations Supervisor,2,8.5,Due within 30 days
372,EMP-00372,Employee,None,Projects,Field Engineer,2,6.5,Due within 30 days
373,CTR-00373,Contractor,Delta Industrial Services,Maintenance,Maintenance Supervisor,3,3.1,Expired
374,EMP-00374,Employee,None,Maintenance,Instrument Technician,3,17.4,Current
375,CTR-00375,Contractor,WestCo Services Ltd,Drilling,Drilling Supervisor,3,2.6,Current
376,CTR-00376,Contractor,PetroMaint Solutions,Maintenance,Maintenance Supervisor,1,4.5,Expired
377,CTR-00377,Contractor,WestCo Services Ltd,Marine,Crane Operator,2,6.4,Current
378,CTR-00378,Contractor,Atlantic Marine Support,Logistics,Forklift Operator,2,2.5,Current
379,EMP-00379,Employee,None,Security,Security Supervisor,3,2.9,Current
380,CTR-00380,Contractor,SafeBuild Engineering,Marine,Deck Crew,1,5.0,Current
381,EMP-00381,Employee,None,Maintenance,Electrical Technician,2,5.8,Incomplete
382,EMP-00382,Employee,None,Marine,Deck Crew,2,6.3,Expired
383,EMP-00383,Employee,None,Operations,Production Technician,2,2.8,Incomplete
384,EMP-00384,Employee,None,HSE,HSE Officer,2,2.1,Current
385,CTR-00385,Contractor,Integrated Drilling Services,Laboratory,Chemist,2,3.4,Current
386,EMP-00386,Employee,None,Drilling,Assistant Driller,2,7.5,Current
387,CTR-00387,Contractor,PetroMaint Solutions,Marine,Marine Supervisor,2,7.4,Current
388,EMP-00388,Employee,None,Drilling,Assistant Driller,3,6.0,Current
389,EMP-00389,Employee,None,Logistics,Driver,2,4.0,Current
390,EMP-00390,Employee,None,HSE,Environmental Officer,2,3.4,Current
391,CTR-00391,Contractor,WestCo Services Ltd,Maintenance,Electrical Technician,1,2.4,Current
392,EMP-00392,Employee,None,Security,Security Officer,4,12.7,Current
393,CTR-00393,Contractor,SafeBuild Engineering,Marine,Crane Operator,3,10.0,Current
394,EMP-00394,Employee,None,Marine,Marine Supervisor,2,4.3,Current
395,CTR-00395,Contractor,PetroMaint Solutions,HSE,HSE Officer,3,4.3,Expired
396,EMP-00396,Employee,None,Logistics,Warehouse Technician,2,6.5,Current
397,EMP-00397,Employee,None,HSE,Occupational Health Officer,2,2.5,Current
398,EMP-00398,Employee,None,Logistics,Warehouse Technician,1,1.0,Due within 30 days
399,EMP-00399,Employee,None,Logistics,Forklift Operator,2,2.0,Current
400,EMP-00400,Employee,None,Security,Security Supervisor,4,17.2,Current
401,CTR-00401,Contractor,PetroMaint Solutions,Laboratory,Sampling Technician,2,3.8,Current
402,EMP-00402,Employee,None,HSE,HSE Advisor,2,7.7,Current
403,EMP-00403,Employee,None,Engineering,Electrical Engineer,4,14.2,Current
404,CTR-00404,Contractor,Atlantic Marine Support,Projects,Project Engineer,2,4.9,Incomplete
405,EMP-00405,Employee,None,Logistics,Driver,3,2.2,Current
406,EMP-00406,Employee,None,Projects,Field Engineer,2,4.2,Current
407,CTR-00407,Contractor,SafeBuild Engineering,Engineering,Electrical Engineer,4,11.3,Current
408,CTR-00408,Contractor,Coastal Logistics Ltd,Drilling,Assistant Driller,2,2.6,Current
409,EMP-00409,Employee,None,Operations,Control Room Operator,2,7.0,Expired
410,EMP-00410,Employee,None,Maintenance,Electrical Technician,3,13.8,Current
411,EMP-00411,Employee,None,Drilling,Driller,4,18.2,Current
412,EMP-00412,employee,None,Logistics,Logistics Coordinator,4,12.4,Expired
413,EMP-00413,Employee,None,Drilling,Assistant Driller,2,7.3,Current
414,CTR-00414,Contractor,WestCo Services Ltd,Operations,Control Room Operator,2,3.7,Current
415,CTR-00415,Contractor,Prime Offshore Contractors,Security,Security Officer,3,8.6,Current
416,EMP-00416,Employee,None,Drilling,Roustabout,2,2.0,Current
417,CTR-00417,Contractor,SafeBuild Engineering,Security,Security Officer,2,2.8,Current
418,EMP-00418,Employee,None,Projects,QA/QC Inspector,3,4.3,Current
419,EMP-00419,Employee,None,Engineering,Electrical Engineer,5,15.0,Current
420,EMP-00420,Employee,None,Engineering,Electrical Engineer,4,18.2,Current
421,EMP-00421,Employee,None,Operations,Control Room Operator,4,5.2,Current
422,CTR-00422,Contractor,Delta Industrial Services,Drilling,Assistant Driller,1,1.7,Incomplete
423,EMP-00423,Employee,None,Security,Security Officer,1,5.0,Current
424,EMP-00424,Employee,None,Projects,Project Engineer,3,9.9,Current
425,EMP-00425,Employee,None,Laboratory,Chemist,2,5.8,Current
426,EMP-00426,Employee,None,Laboratory,Chemist,2,2.7,Current
427,CTR-00427,Contractor,Coastal Logistics Ltd,HSE,HSE Advisor,1,0.6, current 
428,EMP-00428,Employee,None,Engineering,Process Engineer,2,4.1,Current
429,EMP-00429,Employee,None,Laboratory,Laboratory Technician,2,3.6,Current
430,EMP-00430,Employee,None,Drilling,Assistant Driller,3,12.0,Current
431,EMP-00431,Employee,None,Laboratory,Chemist,2,4.9,Current
432,CTR-00432,Contractor,SafeBuild Engineering,Marine,Crane Operator,2,5.0,Current
433,EMP-00433,Employee,None,Drilling,Assistant Driller,1,7.5,Current
434,EMP-00434,Employee,None,Drilling,Derrickhand,3,5.4,Current
435,EMP-00435,Employee,None,Marine,Deck Crew,2,8.9,Expired
436,EMP-00436,Employee,None,Laboratory,Laboratory Technician,2,5.6,Due within 30 days
437,EMP-00437,Employee,None,Operations,Operations Supervisor,2,5.4,Current
438,CTR-00438,Contractor,Atlantic Marine Support,Maintenance,Maintenance Supervisor,3,6.3,Current
439,CTR-00439,Contractor,WestCo Services Ltd,Engineering,Reliability Engineer,2,7.3,Current
440,EMP-00440,Employee,None,Engineering,Mechanical Engineer,1,0.7,Expired
441,CTR-00441,Contractor,Atlantic Marine Support,Operations,Operations Supervisor,2,4.2,Current
442,CTR-00442,Contractor,Atlantic Marine Support,Maintenance,Maintenance Supervisor,3,13.0,Current
443,CTR-00443,Contractor,WestCo Services Ltd,Engineering,Electrical Engineer,2,5.4,Current
444,EMP-00444,Employee,None,Operations,Operations Supervisor,3,12.2,Current
445,CTR-00445,Contractor,Prime Offshore Contractors,HSE,HSE Officer,2,3.1,Current
446,CTR-00446,Contractor,PetroMaint Solutions,Projects,Construction Supervisor,3,7.7,Current
447,CTR-00447,Contractor,Integrated Drilling Services,Operations,Operations Supervisor,3,14.2,Current
448,CTR-00448,Contractor,Integrated Drilling Services,Laboratory,Laboratory Technician,3,9.6,Current
449,EMP-00449,Employee,None,Maintenance,Electrical Technician,4,8.0,Current
450,EMP-00450,Employee,None,Security,Security Officer,1,3.5,Current
451,CTR-00451,Contractor,Coastal Logistics Ltd,Drilling,Derrickhand,3,12.6,Current
452,EMP-00452,Employee,None,Operations,Operations Supervisor,2,5.1,Current
453,CTR-00453,Contractor,Atlantic Marine Support,Logistics,Driver,3,13.8,Expired
454,EMP-00454,Employee,None,Projects,Project Engineer,2,6.7,Current
455,CTR-00455,Contractor,Coastal Logistics Ltd,HSE,HSE Advisor,2,3.9,Current
456,CTR-00456,Contractor,PetroMaint Solutions,Maintenance,Electrical Technician,3,7.8,Current
457,CTR-00457,Contractor,SafeBuild Engineering,Logistics,Driver,2,13.9,Current
458,CTR-00458,Contractor,Coastal Logistics Ltd,Engineering,Reliability Engineer,2,3.2,Current
459,EMP-00459,Employee,None,HSE,Occupational Health Officer,3,5.8,Due within 30 days
460,EMP-00460,Employee,None,Security,Security Officer,4,13.5,Current
461,EMP-00461,Employee,None,Projects,Construction Supervisor,4,5.5,Current
462,CTR-00462,Contractor,Delta Industrial Services,Maintenance,Maintenance Supervisor,3,14.7,Expired
463,CTR-00463,Contractor,Coastal Logistics Ltd,Drilling,Drilling Supervisor,4,2.2,Current
464,CTR-00464,Contractor,WestCo Services Ltd,Laboratory,Chemist,2,2.5,Current
465,EMP-00465,Employee,None,Operations,Operations Supervisor,2,4.8,Incomplete
466,EMP-00466,Employee,None,Operations,Operations Supervisor,2,6.7,Expired
467,CTR-00467,Contractor,Atlantic Marine Support,Maintenance,Maintenance Supervisor,2,5.2,Current
468,EMP-00468,Employee,None,Laboratory,Sampling Technician,2,5.9,Expired
469,CTR-00469,Contractor,Atlantic Marine Support,HSE,Environmental Officer,3,8.1,Current
470,EMP-00470,Employee,None,Security,Security Supervisor,3,3.0,Current
471,EMP-00471,Employee,None,Laboratory,Sampling Technician,3,11.0,Current
472,EMP-00472,Employee,None,Operations,Process Operator,5,4.7,Due within 30 days
473,EMP-00473,Employee,None,Engineering,Electrical Engineer,2,4.5,Current
474,EMP-00474,Employee,None,Marine,Marine Supervisor,5,20.9,Current
475,CTR-00475,Contractor,SafeBuild Engineering,Engineering,Reliability Engineer,3,9.5,Current
476,CTR-00476,Contractor,Coastal Logistics Ltd,Security,Security Supervisor,2,4.5,Expired
477,CTR-00477,Contractor,WestCo Services Ltd,HSE,HSE Advisor,2,6.3,Current
478,EMP-00478,Employee,None,Logistics,Logistics Coordinator,2,2.0,Incomplete
479,EMP-00479,Employee,None,HSE,HSE Advisor,2,16.9,Current
480,CTR-00480,Contractor,Coastal Logistics Ltd,Laboratory,Laboratory Technician,2,10.3,Current
481,EMP-00481,Employee,None,Engineering,Mechanical Engineer,3,2.6,Due within 30 days
482,EMP-00482,Employee,None,Laboratory,Sampling Technician,2,7.0,Current
483,CTR-00483,Contractor,Atlantic Marine Support,HSE,Environmental Officer,3,15.7,Current
484,EMP-00484,Employee,None,Laboratory,Sampling Technician,3,2.7,Current
485,CTR-00485,Contractor,SafeBuild Engineering,Operations,Production Technician,2,1.4,Expired
486,CTR-00486,Contractor,SafeBuild Engineering,Drilling,Roustabout,4,3.8,Due within 30 days
487,EMP-00487,Employee,None,HSE,Occupational Health Officer,3,9.8,Current
488,CTR-00488,Contractor,Delta Industrial Services,Drilling,Driller,2,5.6,Current
489,EMP-00489,Employee,None,HSE,Occupational Health Officer,2,1.8,Expired
490,CTR-00490,Contractor,Delta Industrial Services,HSE,HSE Advisor,2,3.8,Current
491,EMP-00491,Employee,None,Logistics,Driver,3,3.9,Current
492,EMP-00492,Employee,None,Laboratory,Sampling Technician,3,13.1,Current
493,EMP-00493,Employee,None,Laboratory,Sampling Technician,2,5.9,Current
494,EMP-00494,Employee,None,Engineering,Mechanical Engineer,1,1.2,Current
495,CTR-00495,Contractor,Integrated Drilling Services,Security,Security Supervisor,2,6.9,Current
496,CTR-00496,Contractor,Atlantic Marine Support,Marine,Deck Crew,1,6.1,Current
497,EMP-00497,Employee,None,Engineering,Mechanical Engineer,2,4.8,Incomplete
498,CTR-00498,Contractor,Integrated Drilling Services,HSE,Occupational Health Officer,3,9.8,Current
499,CTR-00499,Contractor,Integrated Drilling Services,Marine,Marine Technician,5,21.9,Current
500,CTR-00500,Contractor,Coastal Logistics Ltd,Drilling,Derrickhand,2,3.8,Current
501,EMP-00501,Employee,None,Drilling,Derrickhand,2,7.5,Current
502,EMP-00502,Employee,None,Engineering,Mechanical Engineer,2,5.4,Current
503,EMP-00503,Employee,None,Projects,Project Engineer,5,19.8,Current
504,CTR-00504,Contractor,Atlantic Marine Support,Operations,Control Room Operator,1,7.1,Due within 30 days
505,CTR-00505,Contractor,Atlantic Marine Support,Security,Security Officer,2,7.5,Current
506,CTR-00506,Contractor,Integrated Drilling Services,Engineering,Electrical Engineer,2,5.9,Current
507,CTR-00507,Contractor,PetroMaint Solutions,Projects,Project Engineer,2,3.7,Current
508,CTR-00508,Contractor,Coastal Logistics Ltd,Operations,Process Operator,3,2.7,Due within 30 days
509,EMP-00509,Employee,None,Security,Security Officer,3,4.9,Current
510,EMP-00510,Employee,None,Drilling,Roustabout,4,17.5,Current
511,CTR-00511,Contractor,Atlantic Marine Support,Security,Security Supervisor,2,1.2,Current
512,CTR-00512,Contractor,Prime Offshore Contractors,Operations,Production Technician,4,10.4,Current
513,EMP-00513,Employee,None,Logistics,Driver,2,6.2,Current
514,EMP-00514,Employee,None,Laboratory,Sampling Technician,2,7.7,Current
515,EMP-00515,Employee,None,Projects,Construction Supervisor,5,9.6,Current
516,EMP-00516,Employee,None,Operations,Control Room Operator,4,4.4,Current
517,CTR-00517,Contractor,PetroMaint Solutions,Laboratory,Chemist,1,4.6,Current
518,EMP-00518,Employee,None,Drilling,Derrickhand,3,2.2,Current
519,EMP-00519,Employee,None,HSE,Environmental Officer,1,5.3,Incomplete
520,EMP-00520,Employee,None,Projects,Construction Supervisor,4,17.9,Due within 30 days
521,EMP-00521,Employee,None,Drilling,Derrickhand,2,3.6,Current
522,EMP-00522,Employee,None,Laboratory,Sampling Technician,3,13.6,Current
523,CTR-00523,Contractor,PetroMaint Solutions,Drilling,Driller,2,7.6,Current
524,CTR-00524,Contractor,Delta Industrial Services,Laboratory,Sampling Technician,4,7.0,Current
525,EMP-00525,Employee,None,Drilling,Derrickhand,2,0.7,Current
526,EMP-00526,Employee,None,Logistics,Forklift Operator,2,3.2,Current
527,CTR-00527,Contractor,SafeBuild Engineering,Engineering,Mechanical Engineer,4,5.0,Current
528,EMP-00528,Employee,None,Logistics,Forklift Operator,3,5.4,Current
529,EMP-00529,Employee,None,Laboratory,Laboratory Technician,2,7.5,Current
530,CTR-00530,Contractor,WestCo Services Ltd,Laboratory,Laboratory Technician,1,3.1,Current
531,CTR-00531,Contractor,Integrated Drilling Services,Security,Security Officer,2,6.4,Current
532,CTR-00532,Contractor,Atlantic Marine Support,Maintenance,Instrument Technician,2,5.0,Current
533,EMP-00533,Employee,None,Maintenance,Electrical Technician,3,3.4,Incomplete
534,CTR-00534,Contractor,SafeBuild Engineering,HSE,HSE Officer,2,4.5,Current
535,EMP-00535,Employee,None,Security,Security Officer,2,5.8,Expired
536,CTR-00536,Contractor,SafeBuild Engineering,Engineering,Electrical Engineer,3,4.7,Expired
537,EMP-00537,Employee,None,Marine,Deck Officer,2,3.0,Current
538,EMP-00538,Employee,None,Laboratory,Laboratory Technician,4,12.9,Current
539,EMP-00539,Employee,None,Maintenance,Maintenance Supervisor,2,8.9,Current
540,EMP-00540,Employee,None,Security,Security Supervisor,4,4.6,Current
541,EMP-00541,Employee,None,Engineering,Mechanical Engineer,1,2.8,Due within 30 days
542,CTR-00542,Contractor,Prime Offshore Contractors,Logistics,Forklift Operator,3,9.4,Current
543,EMP-00543,Employee,None,Laboratory,Sampling Technician,2,6.7,Due within 30 days
544,EMP-00544,Employee,None,Laboratory,Laboratory Technician,3,6.1,Current
545,CTR-00545,Contractor,Atlantic Marine Support,Security,Security Officer,1,3.9,Current
546,EMP-00546,Employee,None,Security,Security Officer,2,6.2,Expired
547,CTR-00547,Contractor,Delta Industrial Services,Projects,QA/QC Inspector,2,15.8,Due within 30 days
548,EMP-00548,Employee,None,Projects,Project Engineer,2,1.2,Current
549,EMP-00549,Employee,None,Maintenance,Mechanical Technician,2,6.3,Current
550,EMP-00550,Employee,None,Logistics,Warehouse Technician,1,0.6,Current
551,EMP-00551,Employee,None,Security,Security Officer,2,3.6,Current
552,CTR-00552,Contractor,Coastal Logistics Ltd,Operations,Process Operator,2,3.5,Current
553,CTR-00553,Contractor,Atlantic Marine Support,Logistics,Warehouse Technician,2,4.1,Current
554,CTR-00554,Contractor,Delta Industrial Services,Maintenance,Instrument Technician,4,7.0,Current
555,CTR-00555,Contractor,WestCo Services Ltd,Drilling,Roustabout,1,1.8,Incomplete
556,EMP-00556,Employee,None,Laboratory,Chemist,2,7.5,Due within 30 days
557,EMP-00557,Employee,None,Security,Security Officer,2,5.7,Current
558,EMP-00558,Employee,None,Laboratory,Laboratory Technician,2,2.5,Due within 30 days
559,CTR-00559,Contractor,SafeBuild Engineering,Projects,Construction Supervisor,2,6.3,Expired
560,CTR-00560,Contractor,PetroMaint Solutions,Maintenance,Electrical Technician,1,7.0,Current
561,CTR-00561,Contractor,WestCo Services Ltd,Projects,Construction Supervisor,1,4.7,Current
562,CTR-00562,Contractor,Delta Industrial Services,Laboratory,Sampling Technician,3,12.8,Current
563,EMP-00563,Employee,None,HSE,HSE Officer,3,4.8,Current
564,EMP-00564,Employee,None,Operations,Control Room Operator,3,9.6,Due within 30 days
565,EMP-00565,Employee,None,Laboratory,Chemist,3,15.6,Current
566,CTR-00566,Contractor,Integrated Drilling Services,Logistics,Forklift Operator,4,6.0,Current
567,EMP-00567,Employee,None,Laboratory,Chemist,2,7.9,Current
568,EMP-00568,Employee,None,Projects,Construction Supervisor,1,1.0,Expired
569,EMP-00569,Employee,None,Logistics,Logistics Coordinator,3,3.8,Current
570,CTR-00570,Contractor,SafeBuild Engineering,Logistics,Driver,4,2.5,Expired
571,EMP-00571,Employee,None,Projects,Project Engineer,3,10.6,Current
572,CTR-00572,Contractor,Delta Industrial Services,HSE,HSE Officer,4,4.7,Current
573,EMP-00573,Employee,None,Security,Security Supervisor,3,3.3,Current
574,EMP-00574,Employee,None,Projects,QA/QC Inspector,1,1.2,Current
575,EMP-00575,Employee,None,Laboratory,Laboratory Technician,1,6.6,Current
576,CTR-00576,Contractor,Integrated Drilling Services,Laboratory,Sampling Technician,4,1.3,Current
577,EMP-00577,Employee,None,Operations,Operations Supervisor,3,9.6,Due within 30 days
578,CTR-00578,Contractor,Prime Offshore Contractors,Laboratory,Sampling Technician,3,3.3,Current
579,EMP-00579,Employee,None,HSE,HSE Officer,3,10.8,Current
580,CTR-00580,Contractor,Delta Industrial Services,Operations,Production Technician,4,15.6,Current
581,EMP-00581,Employee,None,HSE,Environmental Officer,1,1.7,Expired
582,CTR-00582,Contractor,Delta Industrial Services,Security,Security Supervisor,1,1.5,Incomplete
583,EMP-00583,Employee,None,HSE,HSE Advisor,2,7.5,Current
584,EMP-00584,Employee,None,Engineering,Electrical Engineer,2,0.7,Current
585,CTR-00585,Contractor,Delta Industrial Services,HSE,HSE Officer,1,1.2,Current
586,CTR-00586,Contractor,Delta Industrial Services,Engineering,Process Engineer,2,5.5,Current
587,CTR-00587,Contractor,Integrated Drilling Services,Engineering,Electrical Engineer,3,3.3,Expired
588,EMP-00588,Employee,None,Maintenance,Mechanical Technician,2,6.2,Current
589,EMP-00589,Employee,None,Logistics,Driver,2,1.9,Expired
590,EMP-00590,Employee,None,Marine,Deck Crew,2,8.6,Due within 30 days
591,CTR-00591,Contractor,Delta Industrial Services,Projects,Field Engineer,2,1.6,Current
592,EMP-00592,Employee,None,Projects,Field Engineer,3,2.8,Current
593,EMP-00593,Employee,None,Maintenance,Maintenance Supervisor,2,4.4,Current
594,CTR-00594,Contractor,Integrated Drilling Services,Maintenance,Electrical Technician,2,2.6,Expired
595,CTR-00595,Contractor,SafeBuild Engineering,Logistics,Warehouse Technician,3,6.5,Current
596,EMP-00596,Employee,None,Laboratory,Sampling Technician,4,13.3,Current
597,CTR-00597,Contractor,Atlantic Marine Support,HSE,Environmental Officer,4,9.8,Due within 30 days
598,EMP-00598,Employee,None,Maintenance,Mechanical Technician,1,1.9,Current
599,CTR-00599,Contractor,Coastal Logistics Ltd,Marine,Marine Supervisor,2,5.4,Current
600,EMP-00600,Employee,None,Engineering,Process Engineer,3,8.3,Due within 30 days
601,EMP-00601,Employee,None,HSE,Occupational Health Officer,2,7.4,Current
602,EMP-00602,Employee,None,Logistics,Logistics Coordinator,2,7.9,Due within 30 days
603,EMP-00603,Employee,None,Operations,Control Room Operator,2,3.4,Current
604,EMP-00604,Employee,None,Laboratory,Laboratory Technician,2,7.8,Current
605,CTR-00605,Contractor,SafeBuild Engineering,Drilling,Drilling Supervisor,3,6.1,Expired
606,EMP-00606,Employee,None,Logistics,Forklift Operator,1,0.7,Expired
607,CTR-00607,Contractor,Atlantic Marine Support,Engineering,Mechanical Engineer,3,2.0,Due within 30 days
608,CTR-00608,Contractor,Delta Industrial Services,Laboratory,Laboratory Technician,2,9.2,Current
609,EMP-00609,Employee,None,Engineering,Electrical Engineer,2,2.3,Expired
610,EMP-00610,Employee,None,Maintenance,Instrument Technician,3,6.0,Current
611,CTR-00611,Contractor,Prime Offshore Contractors,Marine,Deck Crew,2,6.5,Current
612,CTR-00612,Contractor,WestCo Services Ltd,HSE,HSE Officer,3,2.9,Due within 30 days
613,CTR-00613,Contractor,Delta Industrial Services,Marine,Marine Supervisor,3,11.5,Current
614,EMP-00614,Employee,None,Security,Security Supervisor,2,4.9,Expired
615,EMP-00615,Employee,None,HSE,Occupational Health Officer,3,1.7,Current
616,EMP-00616,Employee,None,Drilling,Roustabout,3,5.3,Current
617,CTR-00617,Contractor,SafeBuild Engineering,HSE,HSE Advisor,1,4.1,Current
618,CTR-00618,Contractor,PetroMaint Solutions,Maintenance,Instrument Technician,2,2.6,Current
619,EMP-00619,Employee,None,Drilling,Drilling Supervisor,2,2.4,Current
620,EMP-00620,Employee,None,HSE,Environmental Officer,2,9.2,Incomplete
621,CTR-00621,Contractor,Coastal Logistics Ltd,HSE,Environmental Officer,3,5.5,Due within 30 days
622,CTR-00622,Contractor,SafeBuild Engineering,Operations,Production Technician,4,9.1,Current
623,EMP-00623,Employee,None,Engineering,Process Engineer,2,5.5,Current
624,CTR-00624,Contractor,WestCo Services Ltd,Marine,Marine Supervisor,2,5.3,Current
625,EMP-00625,Employee,None,Laboratory,Sampling Technician,1,6.3,Current
626,EMP-00626,Employee,None,HSE,Occupational Health Officer,2,8.6,Current
627,EMP-00627,Employee,None,HSE,Environmental Officer,2,4.9,Current
628,CTR-00628,Contractor,Prime Offshore Contractors,HSE,Occupational Health Officer,2,11.2,Current
629,EMP-00629,Employee,None,Projects,Construction Supervisor,3,4.4,Current
630,EMP-00630,Employee,None,Maintenance,Mechanical Technician,2,3.5,Current
631,CTR-00631,Contractor,Delta Industrial Services,Projects,Project Engineer,3,11.1,Current
632,EMP-00632,Employee,None,Operations,Process Operator,3,18.3,Current
633,EMP-00633,Employee,None,Projects,Construction Supervisor,4,8.3,Current
634,EMP-00634,Employee,None,Operations,Operations Supervisor,3,4.1,Current
635,CTR-00635,Contractor,PetroMaint Solutions,Projects,Field Engineer,2,4.9,Expired
636,EMP-00636,Employee,None,Operations,Process Operator,2,3.9,Incomplete
637,CTR-00637,Contractor,Atlantic Marine Support,Logistics,Logistics Coordinator,3,5.9,Due within 30 days
638,EMP-00638,Employee,None,Drilling,Roustabout,2,12.3,Current
639,CTR-00639,Contractor,PetroMaint Solutions,Engineering,Process Engineer,3,3.0,Current
640,EMP-00640,Employee,None,Marine,Crane Operator,3,3.2,Current
641,EMP-00641,Employee,None,HSE,Environmental Officer,3,7.8,Expired
642,CTR-00642,Contractor,WestCo Services Ltd,HSE,Occupational Health Officer,2,7.1,Current
643,CTR-00643,Contractor,SafeBuild Engineering,Drilling,Driller,1,4.9,Current
644,CTR-00644,Contractor,Atlantic Marine Support,Laboratory,Chemist,3,4.3,Current
645,CTR-00645,Contractor,Coastal Logistics Ltd,Maintenance,Maintenance Supervisor,3,6.3,Current
646,EMP-00646,Employee,None,Laboratory,Chemist,4,23.7,Current
647,CTR-00647,Contractor,Coastal Logistics Ltd,Engineering,Reliability Engineer,4,8.2,Current
648,CTR-00648,Contractor,Atlantic Marine Support,Marine,Deck Crew,2,4.2,Current
649,CTR-00649,Contractor,Delta Industrial Services,Marine,Deck Officer,2,7.4,Current
650,CTR-00650,Contractor,SafeBuild Engineering,HSE,HSE Officer,3,3.6, current 
651,EMP-00651,Employee,None,Operations,Operations Supervisor,3,8.7,Current
652,EMP-00652,Employee,None,Operations,Operations Supervisor,4,4.8,Current
653,EMP-00653,Employee,None,Maintenance,Instrument Technician,5,10.6,Current
654,EMP-00654,Employee,None,Marine,Marine Supervisor,2,4.5,Due within 30 days
655,EMP-00655,Employee,None,Marine,Deck Crew,2,5.8,Current
656,EMP-00656,Employee,None,Maintenance,Maintenance Supervisor,3,19.8,Current
657,CTR-00657,Contractor,WestCo Services Ltd,Drilling,Driller,3,6.6,Current
658,EMP-00658,Employee,None,Drilling,Driller,3,7.9,Current
659,CTR-00659,Contractor,Integrated Drilling Services,HSE,HSE Officer,2,2.3,Due within 30 days
660,CTR-00660,Contractor,Delta Industrial Services,Marine,Deck Officer,4,13.4,Current
661,EMP-00661,Employee,None,Logistics,Logistics Coordinator,4,8.7,Current
662,CTR-00662,Contractor,SafeBuild Engineering,Laboratory,Sampling Technician,2,6.3,Current
663,EMP-00663,Employee,None,Maintenance,Maintenance Supervisor,3,2.1,Current
664,EMP-00664,Employee,None,Security,Security Supervisor,3,8.0,Current
665,EMP-00665,Employee,None,Security,Security Supervisor,2,2.7,Due within 30 days
666,EMP-00666,Employee,None,Maintenance,Maintenance Supervisor,3,4.7,Expired
667,CTR-00667,Contractor,Delta Industrial Services,Engineering,Reliability Engineer,3,9.8,Due within 30 days
668,EMP-00668,Employee,None,Laboratory,Chemist,4,15.4,Due within 30 days
669,CTR-00669,Contractor,Coastal Logistics Ltd,Engineering,Electrical Engineer,3,13.1,Current
670,EMP-00670,Employee,None,Projects,Construction Supervisor,3,2.2,Current
671,EMP-00671,Employee,None,HSE,HSE Officer,2,4.8,Current
672,EMP-00672,Employee,None,Security,Security Officer,3,10.1,Current
673,CTR-00673,Contractor,Coastal Logistics Ltd,Laboratory,Sampling Technician,1,1.9,Due within 30 days
674,EMP-00674,Employee,None,Drilling,Assistant Driller,3,9.8,Due within 30 days
675,EMP-00675,Employee,None,Projects,QA/QC Inspector,3,8.5,Current
676,EMP-00676,Employee,None,Marine,Crane Operator,3,12.0,Current
677,CTR-00677,Contractor,Coastal Logistics Ltd,Logistics,Warehouse Technician,3,7.9,Expired
678,EMP-00678,Employee,None,Maintenance,Maintenance Supervisor,4,0.8,Expired
679,EMP-00679,Employee,None,Operations,Production Technician,3,19.9,Current
680,EMP-00680,Employee,None,Projects,Project Engineer,4,6.4,Due within 30 days
681,EMP-00681,Employee,None,Laboratory,Laboratory Technician,2,7.8,Due within 30 days
682,EMP-00682,Employee,None,Drilling,Roustabout,2,7.1,Current
683,EMP-00683,Employee,None,Marine,Deck Crew,2,5.5,Expired
684,EMP-00684,Employee,None,Security,Security Officer,4,5.7,Current
685,EMP-00685,Employee,None,Projects,QA/QC Inspector,2,10.3,Current
686,CTR-00686,Contractor,Atlantic Marine Support,Maintenance,Maintenance Supervisor,3,4.7,Expired
687,CTR-00687,Contractor,Integrated Drilling Services,Marine,Deck Crew,2,6.8,Due within 30 days
688,CTR-00688,Contractor,Delta Industrial Services,Drilling,Driller,2,5.9,Current
689,EMP-00689,Employee,None,Maintenance,Mechanical Technician,5,6.0,Current
690,EMP-00690,Employee,None,Laboratory,Laboratory Technician,2,3.9,Current
691,CTR-00691,Contractor,Integrated Drilling Services,Operations,Process Operator,2,3.2,Current
692,EMP-00692,Employee,None,Operations,Process Operator,3,16.8,Current
693,CTR-00693,Contractor,Atlantic Marine Support,Drilling,Roustabout,4,3.6,Current
694,CTR-00694,Contractor,WestCo Services Ltd,Engineering,Electrical Engineer,3,8.1,Current
695,EMP-00695,Employee,None,HSE,Environmental Officer,2,2.3,Current
696,EMP-00696,Employee,None,HSE,HSE Advisor,2,7.0,Current
697,CTR-00697,Contractor,Delta Industrial Services,Security,Security Supervisor,2,5.5,Due within 30 days
698,CTR-00698,Contractor,SafeBuild Engineering,Engineering,Electrical Engineer,1,5.4,Current
699,CTR-00699,Contractor,WestCo Services Ltd,Logistics,Warehouse Technician,2,7.1,Current
700,EMP-00700,Employee,None,Drilling,Roustabout,4,4.3,Current
701,EMP-00701,Employee,None,Engineering,Electrical Engineer,2,2.8,Current
702,EMP-00702,Employee,None,HSE,HSE Officer,3,6.3,Current
703,EMP-00703,Employee,None,HSE,HSE Officer,2,3.3,Current
704,EMP-00704,Employee,None,Logistics,Logistics Coordinator,3,9.2,Current
705,EMP-00705,Employee,None,Security,Security Supervisor,2,14.1,Current
706,CTR-00706,Contractor,PetroMaint Solutions,Laboratory,Sampling Technician,2,6.0,Due within 30 days
707,EMP-00707,Employee,None,Laboratory,Sampling Technician,3,12.4,Due within 30 days
708,EMP-00708,Employee,None,HSE,HSE Officer,3,5.7,Current
709,CTR-00709,Contractor,Coastal Logistics Ltd,Engineering,Mechanical Engineer,3,10.9,Current
710,EMP-00710,Employee,None,Operations,Process Operator,2,5.6,Expired
711,EMP-00711,Employee,None,Drilling,Driller,1,1.4,Current
712,EMP-00712,Employee,None,Marine,Crane Operator,1,1.2,Current
713,EMP-00713,Employee,None,HSE,HSE Advisor,4,5.0,Current
714,CTR-00714,Contractor,Coastal Logistics Ltd,Maintenance,Electrical Technician,2,4.8,Current
715,EMP-00715,Employee,None,Security,Security Officer,2,6.3,Current
716,EMP-00716,Employee,None,Drilling,Drilling Supervisor,2,9.2,Current
717,EMP-00717,Employee,None,Maintenance,Mechanical Technician,3,0.9,Current
718,CTR-00718,Contractor,Delta Industrial Services,HSE,Occupational Health Officer,2,6.8,Current
719,EMP-00719,Employee,None,Operations,Process Operator,3,11.4,Current
720,EMP-00720,Employee,None,Drilling,Assistant Driller,4,4.3,Current
721,CTR-00721,Contractor,Delta Industrial Services,Logistics,Logistics Coordinator,3,8.2, current 
722,EMP-00722,Employee,None,Maintenance,Instrument Technician,4,4.2,Current
723,EMP-00723,Employee,None,Operations,Process Operator,4,18.2,Due within 30 days
724,EMP-00724,Employee,None,HSE,Occupational Health Officer,5,8.5,Current
725,EMP-00725,Employee,None,Marine,Crane Operator,2,6.1,Current
726,EMP-00726,Employee,None,Laboratory,Sampling Technician,5,12.9,Current
727,CTR-00727,Contractor,PetroMaint Solutions,Projects,Construction Supervisor,3,2.3,Due within 30 days
728,CTR-00728,Contractor,PetroMaint Solutions,Laboratory,Chemist,2,5.4,Current
729,CTR-00729,Contractor,SafeBuild Engineering,HSE,HSE Officer,3,2.7,Due within 30 days
730,EMP-00730,Employee,None,Projects,Construction Supervisor,2,7.2,Current
731,CTR-00731,Contractor,Integrated Drilling Services,Laboratory,Laboratory Technician,4,3.0,Current
732,CTR-00732,Contractor,Delta Industrial Services,Logistics,Forklift Operator,3,10.1,Current
733,EMP-00733,Employee,None,Engineering,Process Engineer,2,1.7,Current
734,CTR-00734,Contractor,Integrated Drilling Services,Operations,Production Technician,4,11.7,Expired
735,CTR-00735,Contractor,Integrated Drilling Services,HSE,Environmental Officer,2,2.0,Current
736,CTR-00736,Contractor,Prime Offshore Contractors,Operations,Process Operator,3,3.9,Current
737,EMP-00737,Employee,None,Laboratory,Sampling Technician,1,1.7,Current
738,CTR-00738,Contractor,PetroMaint Solutions,Drilling,Derrickhand,3,2.3,Current
739,EMP-00739,Employee,None,Laboratory,Laboratory Technician,2,2.6,Current
740,CTR-00740,Contractor,PetroMaint Solutions,Maintenance,Electrical Technician,3,2.4,Current
741,EMP-00741,Employee,None,Projects,QA/QC Inspector,2,4.4,Current
742,CTR-00742,Contractor,PetroMaint Solutions,Engineering,Reliability Engineer,2,16.8,Expired
743,CTR-00743,Contractor,Integrated Drilling Services,Projects,QA/QC Inspector,2,6.6,Current
744,CTR-00744,Contractor,Prime Offshore Contractors,Laboratory,Sampling Technician,3,8.1,Current
745,CTR-00745,Contractor,Integrated Drilling Services,HSE,Environmental Officer,4,5.2,Current
746,CTR-00746,Contractor,PetroMaint Solutions,Security,Security Officer,2,7.1,Due within 30 days
747,CTR-00747,Contractor,PetroMaint Solutions,Maintenance,Electrical Technician,3,3.8,Current
748,EMP-00748,Employee,None,Marine,Crane Operator,2,7.9,Incomplete
749,CTR-00749,Contractor,Atlantic Marine Support,Drilling,Driller,1,5.3,Current
750,EMP-00750,Employee,None,HSE,Environmental Officer,2,3.4,Expired
751,EMP-00751,Employee,None,Marine,Deck Officer,2,4.9,Current
752,EMP-00752,Employee,None,Drilling,Drilling Supervisor,2,4.8,Current
753,EMP-00753,Employee,None,Laboratory,Laboratory Technician,2,1.8,Due within 30 days
754,CTR-00754,Contractor,Atlantic Marine Support,Engineering,Process Engineer,4,15.0,Current
755,CTR-00755,Contractor,SafeBuild Engineering,Security,Security Officer,2,5.5,Current
756,EMP-00756,Employee,None,Engineering,Reliability Engineer,2,6.1,Current
757,EMP-00757,Employee,None,Drilling,Driller,3,2.6,Due within 30 days
758,EMP-00758,Employee,None,Laboratory,Laboratory Technician,3,5.2,Incomplete
759,CTR-00759,Contractor,PetroMaint Solutions,Marine,Marine Supervisor,2,4.5,Due within 30 days
760,CTR-00760,Contractor,WestCo Services Ltd,Marine,Deck Officer,2,6.2,Current
761,EMP-00761,Employee,None,Maintenance,Electrical Technician,3,3.6,Current
762,EMP-00762,Employee,None,Engineering,Mechanical Engineer,3,11.1,Current
763,CTR-00763,Contractor,Atlantic Marine Support,Engineering,Reliability Engineer,2,13.9,Current
764,CTR-00764,Contractor,Integrated Drilling Services,Logistics,Logistics Coordinator,4,1.5,Current
765,EMP-00765,Employee,None,Engineering,Process Engineer,2,4.0,Current
766,CTR-00766,Contractor,PetroMaint Solutions,Laboratory,Chemist,3,2.4,Due within 30 days
767,EMP-00767,Employee,None,Logistics,Driver,4,7.3,Current
768,CTR-00768,Contractor,Delta Industrial Services,Laboratory,Sampling Technician,3,9.9,Current
769,CTR-00769,Contractor,Atlantic Marine Support,Drilling,Roustabout,4,20.9,Current
770,EMP-00770,Employee,None,Marine,Deck Officer,3,4.4,Expired
771,CTR-00771,Contractor,Delta Industrial Services,Laboratory,Laboratory Technician,3,3.8,Current
772,EMP-00772,Employee,None,Laboratory,Chemist,2,7.4,Current
773,EMP-00773,Employee,None,Operations,Production Technician,2,1.4,Current
774,EMP-00774,Employee,None,Engineering,Mechanical Engineer,2,5.1,Current
775,EMP-00775,Employee,None,Logistics,Logistics Coordinator,2,2.0,Current
776,CTR-00776,Contractor,Atlantic Marine Support,Operations,Operations Supervisor,5,8.9,Expired
777,EMP-00777,Employee,None,Drilling,Derrickhand,1,1.1,Current
778,CTR-00778,Contractor,Prime Offshore Contractors,Security,Security Officer,2,3.4,Expired
779,CTR-00779,Contractor,Atlantic Marine Support,Engineering,Electrical Engineer,3,6.2,Current
780,EMP-00780,Employee,None,Engineering,Mechanical Engineer,1,1.8,Current
781,CTR-00781,Contractor,PetroMaint Solutions,Security,Security Supervisor,2,2.1,Current
782,EMP-00782,Employee,None,Drilling,Driller,2,9.9,Expired
783,EMP-00783,Employee,None,HSE,HSE Officer,2,1.2,Current
784,EMP-00784,Employee,None,Maintenance,Instrument Technician,4,5.6,Current
785,CTR-00785,Contractor,Delta Industrial Services,Projects,Project Engineer,4,9.4,Current
786,EMP-00786,Employee,None,Projects,Construction Supervisor,2,2.5,Incomplete
787,EMP-00787,Employee,None,Operations,Process Operator,1,4.7,Current
788,CTR-00788,Contractor,Atlantic Marine Support,Drilling,Roustabout,3,19.4,Current
789,CTR-00789,Contractor,PetroMaint Solutions,HSE,HSE Officer,2,9.5,Current
790,CTR-00790,Contractor,Prime Offshore Contractors,Marine,Marine Technician,3,3.2,Current
791,CTR-00791,Contractor,Delta Industrial Services,Projects,Field Engineer,2,3.7,Current
792,EMP-00792,Employee,None,Drilling,Roustabout,3,9.1,Current
793,EMP-00793,Employee,None,Drilling,Assistant Driller,3,8.8,Current
794,CTR-00794,Contractor,Prime Offshore Contractors,Maintenance,Maintenance Supervisor,5,9.1,Incomplete
795,CTR-00795,Contractor,PetroMaint Solutions,Laboratory,Sampling Technician,3,10.5,Due within 30 days
796,CTR-00796,Contractor,Coastal Logistics Ltd,Security,Security Supervisor,4,9.3,Due within 30 days
797,EMP-00797,Employee,None,Drilling,Driller,3,6.3,Current
798,CTR-00798,Contractor,WestCo Services Ltd,Drilling,Derrickhand,3,3.7,Current
799,EMP-00799,Employee,None,Projects,Field Engineer,2,3.0,Current
800,CTR-00800,Contractor,Integrated Drilling Services,Operations,Process Operator,2,4.1,Current
801,EMP-00801,Employee,None,Security,Security Supervisor,3,1.9,Current
802,CTR-00802,Contractor,PetroMaint Solutions,Projects,QA/QC Inspector,4,5.5,Current
803,EMP-00803,Employee,None,HSE,HSE Officer,1,4.2,Current
804,EMP-00804,Employee,None,Marine,Marine Supervisor,2,7.2,Current
805,CTR-00805,Contractor,Delta Industrial Services,Security,Security Supervisor,3,5.5,Current
806,CTR-00806,Contractor,Prime Offshore Contractors,Engineering,Mechanical Engineer,3,8.6,Expired
807,CTR-00807,Contractor,Coastal Logistics Ltd,Marine,Deck Officer,3,6.7,Current
808,CTR-00808,Contractor,WestCo Services Ltd,Maintenance,Electrical Technician,3,3.7,Current
809,EMP-00809,Employee,None,Engineering,Reliability Engineer,2,3.5,Current
810,CTR-00810,Contractor,Atlantic Marine Support,Projects,Construction Supervisor,2,6.4,Expired
811,EMP-00811,Employee,None,Laboratory,Chemist,3,5.4,Current
812,EMP-00812,Employee,None,HSE,Occupational Health Officer,3,4.4,Current
813,EMP-00813,Employee,None,Maintenance,Mechanical Technician,3,2.4,Due within 30 days
814,CTR-00814,Contractor,Prime Offshore Contractors,Security,Security Supervisor,3,6.6,Current
815,EMP-00815,Employee,None,Projects,Construction Supervisor,2,0.8,Current
816,EMP-00816,Employee,None,Security,Security Supervisor,3,6.0,Current
817,EMP-00817,Employee,None,Engineering,Electrical Engineer,1,6.4,Current
818,EMP-00818,Employee,None,Logistics,Warehouse Technician,2,1.6,Current
819,CTR-00819,Contractor,WestCo Services Ltd,Logistics,Forklift Operator,2,9.7,Current
820,CTR-00820,Contractor,SafeBuild Engineering,Projects,Field Engineer,2,8.1,Current
821,EMP-00821,Employee,None,Marine,Marine Technician,2,10.5,Current
822,CTR-00822,Contractor,Prime Offshore Contractors,Logistics,Driver,3,10.3,Current
823,CTR-00823,Contractor,Coastal Logistics Ltd,Projects,Field Engineer,2,6.6,Expired
824,EMP-00824,Employee,None,Projects,QA/QC Inspector,3,4.2,Expired
825,CTR-00825,Contractor,Atlantic Marine Support,Drilling,Drilling Supervisor,2,5.7,Current
826,EMP-00826,Employee,None,Engineering,Process Engineer,2,7.8,Incomplete
827,CTR-00827,Contractor,Integrated Drilling Services,Logistics,Warehouse Technician,3,3.0,Current
828,EMP-00828,Employee,None,Operations,Operations Supervisor,3,2.4,Current
829,CTR-00829,Contractor,SafeBuild Engineering,Operations,Production Technician,4,6.5,Current
830,EMP-00830,Employee,None,Logistics,Driver,4,7.3,Current
831,EMP-00831,Employee,None,Drilling,Roustabout,2,3.6,Expired
832,CTR-00832,Contractor,Prime Offshore Contractors,Operations,Control Room Operator,1,1.4,Current
833,CTR-00833,Contractor,Integrated Drilling Services,Maintenance,Instrument Technician,2,7.2,Incomplete
834,EMP-00834,Employee,None,Marine,Marine Technician,3,6.2,Current
835,EMP-00835,Employee,None,Maintenance,Electrical Technician,1,4.8,Current
836,EMP-00836,Employee,None,Maintenance,Maintenance Supervisor,4,2.1,Current
837,CTR-00837,Contractor,Atlantic Marine Support,Logistics,Logistics Coordinator,2,8.1,Current
838,CTR-00838,Contractor,SafeBuild Engineering,Logistics,Forklift Operator,2,4.7,Current
839,EMP-00839,Employee,None,Engineering,Process Engineer,2,3.1,Current
840,CTR-00840,Contractor,PetroMaint Solutions,Projects,Construction Supervisor,2,9.7,Incomplete
841,EMP-00841,Employee,None,Laboratory,Laboratory Technician,2,0.4,Current
842,CTR-00842,Contractor,Atlantic Marine Support,Maintenance,Electrical Technician,2,7.3,Current
843,EMP-00843,Employee,None,Security,Security Officer,2,8.3,Current
844,CTR-00844,Contractor,Atlantic Marine Support,Projects,Construction Supervisor,1,1.7,Expired
845,CTR-00845,Contractor,Delta Industrial Services,Marine,Deck Crew,3,2.7,Current
846,CTR-00846,Contractor,Delta Industrial Services,Marine,Marine Technician,2,7.9,Current
847,EMP-00847,Employee,None,Marine,Marine Technician,3,7.9,Due within 30 days
848,CTR-00848,Contractor,PetroMaint Solutions,Laboratory,Chemist,4,11.2,Expired
849,CTR-00849,Contractor,Prime Offshore Contractors,Maintenance,Electrical Technician,3,13.6,Due within 30 days
850,EMP-00850,Employee,None,Operations,Production Technician,2,5.2,Current
851,CTR-00851,Contractor,PetroMaint Solutions,Laboratory,Sampling Technician,3,7.1,Current
852,EMP-00852,Employee,None,Marine,Marine Supervisor,2,3.3,Current
853,EMP-00853,Employee,None,Logistics,Driver,3,3.4,Expired
854,EMP-00854,Employee,None,Maintenance,Maintenance Supervisor,2,2.1,Expired
855,CTR-00855,Contractor,PetroMaint Solutions,Operations,Operations Supervisor,3,6.8,Current
856,EMP-00856,Employee,None,HSE,HSE Officer,2,1.0,Current
857,CTR-00857,Contractor,WestCo Services Ltd,HSE,HSE Advisor,2,7.8,Current
858,EMP-00858,Employee,None,Laboratory,Laboratory Technician,3,5.3,Due within 30 days
859,EMP-00859,Employee,None,Security,Security Officer,3,15.7,Current
860,EMP-00860,Employee,None,HSE,HSE Officer,3,11.6,Current
861,EMP-00861,Employee,None,Security,Security Supervisor,4,7.7,Current
862,EMP-00862,Employee,None,HSE,Environmental Officer,1,5.8,Current
863,CTR-00863,Contractor,Coastal Logistics Ltd,Operations,Control Room Operator,3,20.4,Due within 30 days
864,CTR-00864,Contractor,Delta Industrial Services,Maintenance,Instrument Technician,3,12.7,Current
865,EMP-00865,Employee,None,Logistics,Logistics Coordinator,2,1.1,Current
866,EMP-00866,Employee,None,Engineering,Electrical Engineer,2,3.7,Current
867,CTR-00867,Contractor,PetroMaint Solutions,Drilling,Driller,4,8.9,Current
868,EMP-00868,Employee,None,Operations,Operations Supervisor,3,2.4,Current
869,EMP-00869,Employee,None,Marine,Deck Crew,2,2.5,Current
870,EMP-00870,Employee,None,Laboratory,Sampling Technician,3,11.8,Current
871,CTR-00871,Contractor,PetroMaint Solutions,Security,Security Officer,2,9.9,Current
872,CTR-00872,Contractor,Prime Offshore Contractors,Drilling,Derrickhand,2,2.7,Current
873,EMP-00873,Employee,None,HSE,HSE Advisor,3,15.2,Current
874,EMP-00874,Employee,None,HSE,HSE Officer,2,2.1,Current
875,EMP-00875,Employee,None,HSE,HSE Officer,4,15.8,Current
876,CTR-00876,Contractor,PetroMaint Solutions,Operations,Production Technician,3,9.5,Current
877,CTR-00877,Contractor,Atlantic Marine Support,Maintenance,Instrument Technician,2,4.6,Expired
878,EMP-00878,Employee,None,Engineering,Process Engineer,2,5.4,Expired
879,EMP-00879,Employee,None,Security,Security Supervisor,2,3.1,Current
880,EMP-00880,Employee,None,Engineering,Electrical Engineer,3,19.4,Current
881,EMP-00881,Employee,None,Security,Security Officer,1,1.7,Due within 30 days
882,EMP-00882,Employee,None,Marine,Deck Officer,3,3.4,Current
883,EMP-00883,Employee,None,Marine,Marine Technician,4,4.9,Expired
884,CTR-00884,Contractor,SafeBuild Engineering,Maintenance,Mechanical Technician,2,2.1,Expired
885,CTR-00885,Contractor,Prime Offshore Contractors,Security,Security Officer,2,3.6,Current
886,EMP-00886,Employee,None,Logistics,Logistics Coordinator,2,4.0,Current
887,CTR-00887,Contractor,SafeBuild Engineering,Security,Security Officer,2,0.2,Expired
888,EMP-00888,Employee,None,Drilling,Driller,2,0.9,Current
889,CTR-00889,Contractor,PetroMaint Solutions,Logistics,Forklift Operator,3,4.9,Current
890,CTR-00890,Contractor,PetroMaint Solutions,Security,Security Officer,3,10.7,Current
891,EMP-00891,Employee,None,Marine,Deck Crew,2,6.1,Current
892,EMP-00892,Employee,None,Logistics,Warehouse Technician,2,7.8,Expired
893,CTR-00893,Contractor,Integrated Drilling Services,HSE,Environmental Officer,2,4.9,Current
894,EMP-00894,Employee,None,Marine,Marine Supervisor,2,4.6,Current
895,EMP-00895,Employee,None,Projects,Field Engineer,3,9.9,Incomplete
896,EMP-00896,Employee,None,Engineering,Electrical Engineer,4,10.9,Current
897,EMP-00897,Employee,None,Security,Security Supervisor,3,8.0,Current
898,EMP-00898,Employee,None,Engineering,Process Engineer,1,4.1,Current
899,EMP-00899,Employee,None,Security,Security Supervisor,2,2.8,Current
900,EMP-00900,Employee,None,Projects,Construction Supervisor,3,13.3,Current
901,CTR-00901,Contractor,Coastal Logistics Ltd,Logistics,Forklift Operator,3,14.8,Current
902,EMP-00902,Employee,None,Marine,Marine Supervisor,2,4.3,Incomplete
903,EMP-00903,Employee,None,HSE,Environmental Officer,3,6.8,Current
904,EMP-00904,Employee,None,Engineering,Process Engineer,3,6.5,Current
905,EMP-00905,Employee,None,Drilling,Drilling Supervisor,3,1.5,Current
906,EMP-00906,Employee,None,Drilling,Roustabout,2,1.8,Current
907,EMP-00907,Employee,None,Marine,Marine Technician,4,5.1,Current
908,CTR-00908,Contractor,Integrated Drilling Services,Drilling,Drilling Supervisor,2,4.3,Incomplete
909,EMP-00909,Employee,None,Logistics,Forklift Operator,2,2.6,Due within 30 days
910,CTR-00910,Contractor,Prime Offshore Contractors,Engineering,Process Engineer,2,3.8,Current
911,CTR-00911,Contractor,SafeBuild Engineering,Projects,Construction Supervisor,2,5.4,Current
912,CTR-00912,Contractor,Atlantic Marine Support,Engineering,Electrical Engineer,2,0.9,Current
913,EMP-00913,Employee,None,Operations,Process Operator,1,3.4,Current
914,EMP-00914,Employee,None,Operations,Operations Supervisor,2,1.3,Current
915,EMP-00915,Employee,None,Projects,Construction Supervisor,2,4.4,Current
916,EMP-00916,Employee,None,Marine,Deck Crew,2,0.9,Due within 30 days
917,CTR-00917,contractor,Atlantic Marine Support,Engineering,Process Engineer,3,6.7,Current
918,CTR-00918,Contractor,Integrated Drilling Services,Marine,Deck Crew,4,6.2,Current
919,EMP-00919,Employee,None,Operations,Control Room Operator,4,8.2,Due within 30 days
920,CTR-00920,Contractor,Coastal Logistics Ltd,Engineering,Process Engineer,2,4.1,Current
921,EMP-00921,Employee,None,Logistics,Driver,2,1.8,Current
922,EMP-00922,Employee,None,Logistics,Logistics Coordinator,3,6.5,Current
923,EMP-00923,Employee,None,Security,Security Supervisor,3,5.5,Current
924,CTR-00924,Contractor,PetroMaint Solutions,Projects,Field Engineer,3,14.5,Current
925,EMP-00925,Employee,None,Marine,Deck Crew,4,8.0,Current
926,CTR-00926,Contractor,SafeBuild Engineering,MAINTENANCE,Instrument Technician,4,8.5,Current
927,CTR-00927,Contractor,Prime Offshore Contractors,Engineering,Reliability Engineer,3,9.9,Current
928,CTR-00928,Contractor,SafeBuild Engineering,Laboratory,Laboratory Technician,1,0.8,Expired
929,EMP-00929,Employee,None,Security,Security Officer,2,3.0,Incomplete
930,EMP-00930,Employee,None,Operations,Process Operator,3,4.2,Current
931,EMP-00931,Employee,None,HSE,Environmental Officer,3,3.8,Current
932,EMP-00932,Employee,None,Marine,Marine Supervisor,3,14.6,Due within 30 days
933,EMP-00933,Employee,None,Projects,Construction Supervisor,4,9.6,Current
934,CTR-00934,Contractor,Atlantic Marine Support,Engineering,Electrical Engineer,3,6.8,Current
935,CTR-00935,Contractor,Coastal Logistics Ltd,Projects,Construction Supervisor,1,6.0,Current
936,EMP-00936,Employee,None,Engineering,Mechanical Engineer,3,5.5,Current
937,EMP-00937,Employee,None,Drilling,Derrickhand,4,11.1,Expired
938,CTR-00938,Contractor,SafeBuild Engineering,Projects,Construction Supervisor,2,2.0,Current
939,CTR-00939,Contractor,Coastal Logistics Ltd,Marine,Marine Technician,3,8.6,Due within 30 days
940,EMP-00940,Employee,None,Projects,Project Engineer,2,4.6,Current
941,CTR-00941,Contractor,PetroMaint Solutions,Operations,Process Operator,5,3.4,Due within 30 days
942,EMP-00942,Employee,None,HSE,Environmental Officer,2,4.2,Current
943,EMP-00943,Employee,None,Projects,QA/QC Inspector,2,3.4,Incomplete
944,EMP-00944,Employee,None,Marine,Deck Officer,2,3.8,Current
945,EMP-00945,Employee,None,Maintenance,Mechanical Technician,1,1.6,Current
946,EMP-00946,Employee,None,Engineering,Mechanical Engineer,4,10.7,Expired
947,CTR-00947,Contractor,Prime Offshore Contractors,Projects,Field Engineer,3,5.1,Current
948,CTR-00948,Contractor,Atlantic Marine Support,HSE,Occupational Health Officer,1,7.3,Due within 30 days
949,CTR-00949,Contractor,PetroMaint Solutions,HSE,Environmental Officer,5,12.8,Incomplete
950,CTR-00950,Contractor,PetroMaint Solutions,Marine,Marine Technician,2,5.0,Current
951,EMP-00951,Employee,None,Security,Security Supervisor,2,4.7,Current
952,EMP-00952,Employee,None,Projects,Field Engineer,2,3.3,Current
953,EMP-00953,Employee,None,Logistics,Driver,3,7.1,Current
954,CTR-00954,Contractor,Coastal Logistics Ltd,Security,Security Officer,2,3.9,Current
955,EMP-00955,Employee,None,Security,Security Officer,3,2.2,Expired
956,EMP-00956,Employee,None,HSE,Occupational Health Officer,2,3.2,Current
957,CTR-00957,Contractor,WestCo Services Ltd,Drilling,Derrickhand,3,11.9,Current
958,CTR-00958,Contractor,WestCo Services Ltd,Operations,Process Operator,3,3.5,Current
959,CTR-00959,Contractor,Integrated Drilling Services,Maintenance,Instrument Technician,2,5.0,Current
960,CTR-00960,Contractor,Atlantic Marine Support,Logistics,Logistics Coordinator,4,9.0,Current
961,CTR-00961,Contractor,Delta Industrial Services,Logistics,Warehouse Technician,3,13.2,Current
962,EMP-00962,Employee,None,Marine,Deck Crew,2,12.7,Current
963,CTR-00963,Contractor,Atlantic Marine Support,HSE,Environmental Officer,2,5.3,Current
964,CTR-00964,Contractor,Delta Industrial Services,Logistics,Forklift Operator,1,6.9,Current
965,CTR-00965,Contractor,Integrated Drilling Services,Engineering,Reliability Engineer,3,6.3,Expired
966,CTR-00966,Contractor,SafeBuild Engineering,Engineering,Process Engineer,2,14.3,Due within 30 days
967,CTR-00967,Contractor,Delta Industrial Services,Logistics,Logistics Coordinator,4,7.4,Due within 30 days
968,EMP-00968,Employee,None,Marine,Deck Crew,3,2.0,Due within 30 days
969,EMP-00969,Employee,None,Laboratory,Chemist,2,2.9,Current
970,EMP-00970,Employee,None,Operations,Production Technician,5,14.0,Current
971,CTR-00971,Contractor,Delta Industrial Services,Projects,QA/QC Inspector,2,8.4,Current
972,EMP-00972,Employee,None,Security,Security Supervisor,4,12.3,Current
973,EMP-00973,Employee,None,Projects,Project Engineer,2,3.9,Incomplete
974,CTR-00974,Contractor,Integrated Drilling Services,Engineering,Reliability Engineer,2,5.0,Current
975,CTR-00975,Contractor,Coastal Logistics Ltd,Drilling,Assistant Driller,3,8.1,Expired
976,EMP-00976,Employee,None,Drilling,Assistant Driller,4,5.7,Current
977,CTR-00977,Contractor,PetroMaint Solutions,Logistics,Forklift Operator,4,3.5,Current
978,CTR-00978,Contractor,Delta Industrial Services,Engineering,Process Engineer,4,6.4,Current
979,EMP-00979,Employee,None,Engineering,Process Engineer,3,9.1,Expired
980,EMP-00980,Employee,None,Operations,Operations Supervisor,3,4.4,Expired
981,CTR-00981,Contractor,Integrated Drilling Services,HSE,Occupational Health Officer,1,2.2,Current
982,EMP-00982,Employee,None,Security,Security Supervisor,5,9.4,Current
983,EMP-00983,Employee,None,Logistics,Logistics Coordinator,2,7.4,Expired
984,CTR-00984,Contractor,Delta Industrial Services,Maintenance,Instrument Technician,1,4.3,Current
985,CTR-00985,Contractor,Coastal Logistics Ltd,Operations,Control Room Operator,3,4.4,Current
986,EMP-00986,Employee,None,Laboratory,Laboratory Technician,2,3.8,Current
987,CTR-00987,Contractor,SafeBuild Engineering,HSE,HSE Officer,3,8.9,Expired
988,EMP-00988,Employee,None,Maintenance,Electrical Technician,3,7.4,Current
989,CTR-00989,Contractor,Integrated Drilling Services,Operations,Control Room Operator,4,3.2,Current
990,EMP-00990,Employee,None,Logistics,Driver,1,1.6,Current
991,EMP-00991,Employee,None,Maintenance,Electrical Technician,3,11.3,Current
992,CTR-00992,Contractor,WestCo Services Ltd,Engineering,Electrical Engineer,3,6.2,Current
993,EMP-00993,Employee,None,Laboratory,Chemist,4,9.8,Current
994,EMP-00994,Employee,None,Laboratory,Sampling Technician,4,9.0,Current
995,EMP-00995,Employee,None,Maintenance,Mechanical Technician,3,15.2,Expired
996,EMP-00996,Employee,None,Security,Security Supervisor,2,5.3,Current
997,CTR-00997,Contractor,Delta Industrial Services,Laboratory,Laboratory Technician,5,8.1,Incomplete
998,CTR-00998,Contractor,Atlantic Marine Support,Security,Security Supervisor,2,3.5,Expired
999,EMP-00999,Employee,None,Security,Security Officer,3,15.5,Current
1000,EMP-01000,Employee,None,Security,Security Officer,2,3.8,Current
1001,EMP-01001,Employee,None,HSE,HSE Advisor,4,22.9,Current
1002,EMP-01002,Employee,None,Operations,Control Room Operator,2,7.6,Current
1003,CTR-01003,Contractor,Coastal Logistics Ltd,Projects,Project Engineer,5,10.9,Expired
1004,CTR-01004,Contractor,Integrated Drilling Services,Marine,Deck Crew,2,4.8,Current
1005,EMP-01005,Employee,None,Operations,Control Room Operator,2,5.5,Current
1006,EMP-01006,Employee,None,HSE,Occupational Health Officer,2,4.2,Current
1007,EMP-01007,Employee,None,Security,Security Officer,2,7.8,Expired
1008,EMP-01008,Employee,None,Laboratory,Laboratory Technician,5,11.3,Incomplete
1009,CTR-01009,Contractor,SafeBuild Engineering,Drilling,Drilling Supervisor,1,1.8,Current
1010,EMP-01010,Employee,None,Engineering,Process Engineer,3,8.0,Current
1011,EMP-01011,Employee,None,Logistics,Warehouse Technician,3,5.1,Due within 30 days
1012,CTR-01012,Contractor,Delta Industrial Services,Drilling,Drilling Supervisor,1,1.6,Due within 30 days
1013,EMP-01013,Employee,None,Operations,Operations Supervisor,3,11.4,Due within 30 days
1014,CTR-01014,Contractor,Atlantic Marine Support,Laboratory,Laboratory Technician,2,5.0,Current
1015,CTR-01015,Contractor,Atlantic Marine Support,Projects,QA/QC Inspector,4,10.2,Current
1016,EMP-01016,Employee,None,Drilling,Derrickhand,3,13.5,Current
1017,EMP-01017,Employee,None,Security,Security Officer,3,4.1,Incomplete
1018,EMP-01018,Employee,None,Projects,Project Engineer,3,6.0,Expired
1019,CTR-01019,Contractor,PetroMaint Solutions,HSE,Occupational Health Officer,3,13.5,Current
1020,EMP-01020,Employee,None,HSE,HSE Officer,1,1.6,Current
1021,EMP-01021,Employee,None,Operations,Process Operator,2,7.1,Due within 30 days
1022,EMP-01022,Employee,None,HSE,HSE Officer,2,3.2,Current
1023,CTR-01023,Contractor,SafeBuild Engineering,Laboratory,Chemist,4,13.2,Due within 30 days
1024,EMP-01024,Employee,None,Maintenance,Instrument Technician,3,4.0,Current
1025,CTR-01025,Contractor,Atlantic Marine Support,Laboratory,Laboratory Technician,2,2.9,Due within 30 days
1026,CTR-01026,Contractor,PetroMaint Solutions,Laboratory,Chemist,1,3.1,Current
1027,EMP-01027,Employee,None,Marine,Marine Supervisor,3,8.9,Expired
1028,CTR-01028,Contractor,WestCo Services Ltd,Projects,QA/QC Inspector,3,6.5,Expired
1029,EMP-01029,Employee,None,Operations,Operations Supervisor,3,10.4,Current
1030,CTR-01030,Contractor,Coastal Logistics Ltd,Maintenance,Mechanical Technician,2,3.0,Current
1031,EMP-01031,Employee,None,Operations,Control Room Operator,2,6.0,Due within 30 days
1032,EMP-01032,Employee,None,HSE,Occupational Health Officer,2,10.7,Due within 30 days
1033,CTR-01033,Contractor,SafeBuild Engineering,Marine,Marine Supervisor,1,1.3,Current
1034,CTR-01034,Contractor,Integrated Drilling Services,Engineering,Electrical Engineer,3,9.4,Current
1035,EMP-01035,Employee,None,Security,Security Officer,2,4.1,Current
1036,EMP-01036,Employee,None,Laboratory,Laboratory Technician,2,14.7,Current
1037,CTR-01037,Contractor,SafeBuild Engineering,Operations,Control Room Operator,2,3.5,Current
1038,CTR-01038,Contractor,Prime Offshore Contractors,Laboratory,Chemist,2,4.9,Current
1039,CTR-01039,Contractor,PetroMaint Solutions,Drilling,Roustabout,2,4.7,Current
1040,EMP-01040,Employee,None,Engineering,Mechanical Engineer,3,10.0,Current
1041,CTR-01041,Contractor,Delta Industrial Services,Marine,Deck Crew,2,1.1,Current
1042,CTR-01042,Contractor,Atlantic Marine Support,Laboratory,Chemist,2,2.4,Current
1043,CTR-01043,Contractor,Atlantic Marine Support,HSE,Occupational Health Officer,2,2.4,Current
1044,EMP-01044,Employee,None,Security,Security Supervisor,2,0.3,Current
1045,EMP-01045,Employee,None,Engineering,Electrical Engineer,3,2.2,Expired
1046,CTR-01046,Contractor,SafeBuild Engineering,Engineering,Electrical Engineer,4,8.4,Current
1047,EMP-01047,Employee,None,Operations,Production Technician,2,6.3,Incomplete
1048,CTR-01048,Contractor,PetroMaint Solutions,Engineering,Electrical Engineer,2,4.5,Due within 30 days
1049,CTR-01049,Contractor,Coastal Logistics Ltd,Engineering,Process Engineer,2,7.0,Current
1050,CTR-01050,Contractor,Coastal Logistics Ltd,Maintenance,Maintenance Supervisor,2,2.8,Current
1051,CTR-01051,Contractor,WestCo Services Ltd,Operations,Operations Supervisor,1,0.8,Current
1052,EMP-01052,Employee,None,Logistics,Logistics Coordinator,3,12.0,Expired
1053,EMP-01053,Employee,None,Marine,Deck Officer,4,12.0,Current
1054,EMP-01054,Employee,None,Drilling,Derrickhand,1,0.8,Current
1055,CTR-01055,Contractor,Delta Industrial Services,HSE,HSE Advisor,4,8.5,Current
1056,EMP-01056,Employee,None,Engineering,Reliability Engineer,2,6.8,Expired
1057,CTR-01057,Contractor,Atlantic Marine Support,HSE,HSE Advisor,4,3.7,Current
1058,EMP-01058,Employee,None,Maintenance,Mechanical Technician,1,2.9,Current
1059,EMP-01059,Employee,None,Security,Security Supervisor,4,5.9,Current
1060,CTR-01060,Contractor,SafeBuild Engineering,Projects,Project Engineer,3,5.0,Current
1061,EMP-01061,Employee,None,Security,Security Supervisor,3,2.3,Current
1062,CTR-01062,Contractor,Atlantic Marine Support,Engineering,Electrical Engineer,4,7.9,Current
1063,CTR-01063,Contractor,Coastal Logistics Ltd,Marine,Deck Officer,2,6.6,Current
1064,CTR-01064,Contractor,Prime Offshore Contractors,Operations,Process Operator,2,2.3,Current
1065,CTR-01065,Contractor,SafeBuild Engineering,Marine,Marine Supervisor,2,7.7,Incomplete
1066,EMP-01066,Employee,None,Security,Security Supervisor,5,20.3,Current
1067,CTR-01067,Contractor,Integrated Drilling Services,Operations,Production Technician,3,8.1,Current
1068,EMP-01068,Employee,None,Maintenance,Mechanical Technician,2,6.0,Current
1069,EMP-01069,Employee,None,HSE,HSE Advisor,3,5.4,Current
1070,CTR-01070,Contractor,WestCo Services Ltd,Laboratory,Chemist,4,8.4,Current
1071,EMP-01071,Employee,None,HSE,Occupational Health Officer,2,5.3,Current
1072,CTR-01072,Contractor,PetroMaint Solutions,Maintenance,Mechanical Technician,2,3.1,Current
1073,EMP-01073,Employee,None,Engineering,Process Engineer,4,20.5,Current
1074,EMP-01074,Employee,None,Marine,Crane Operator,3,2.3,Expired
1075,CTR-01075,Contractor,SafeBuild Engineering,Security,Security Supervisor,3,17.6,Current
1076,CTR-01076,Contractor,Atlantic Marine Support,Marine,Deck Officer,3,9.3,Incomplete
1077,CTR-01077,Contractor,Prime Offshore Contractors,Logistics,Forklift Operator,2,3.2,Current
1078,EMP-01078,Employee,None,Engineering,Electrical Engineer,4,12.0,Current
1079,CTR-01079,Contractor,Integrated Drilling Services,Laboratory,Laboratory Technician,2,4.6,Current
1080,EMP-01080,Employee,None,Operations,Process Operator,3,9.3,Due within 30 days
1081,EMP-01081,Employee,None,Drilling,Derrickhand,2,5.3,Current
1082,EMP-01082,Employee,None,Logistics,Driver,2,4.0,Current
1083,EMP-01083,Employee,None,Laboratory,Sampling Technician,4,13.0,Expired
1084,EMP-01084,Employee,None,Maintenance,Mechanical Technician,3,0.3,Due within 30 days
1085,CTR-01085,Contractor,SafeBuild Engineering,Marine,Deck Crew,3,21.9,Due within 30 days
1086,CTR-01086,Contractor,Delta Industrial Services,Maintenance,Electrical Technician,2,3.4,Due within 30 days
1087,EMP-01087,Employee,None,Logistics,Driver,3,20.3,Current
1088,CTR-01088,Contractor,SafeBuild Engineering,Maintenance,Instrument Technician,3,4.3,Incomplete
1089,EMP-01089,Employee,None,Maintenance,Mechanical Technician,4,19.5,Due within 30 days
1090,CTR-01090,Contractor,Integrated Drilling Services,Logistics,Logistics Coordinator,2,6.4,Current
1091,CTR-01091,Contractor,Delta Industrial Services,Marine,Crane Operator,2,3.9,Current
1092,EMP-01092,Employee,None,Engineering,Reliability Engineer,2,7.3,Current
1093,CTR-01093,Contractor,Integrated Drilling Services,Security,Security Supervisor,3,5.1,Due within 30 days
1094,EMP-01094,Employee,None,Operations,Operations Supervisor,2,4.0,Current
1095,CTR-01095,Contractor,Prime Offshore Contractors,Laboratory,Sampling Technician,2,6.8,Current
1096,CTR-01096,Contractor,PetroMaint Solutions,Marine,Deck Officer,2,4.3,Current
1097,CTR-01097,Contractor,Prime Offshore Contractors,Operations,Process Operator,2,2.4,Expired
1098,CTR-01098,Contractor,Prime Offshore Contractors,Drilling,Roustabout,1,10.5,Incomplete
1099,EMP-01099,Employee,None,Security,Security Supervisor,1,1.2,Due within 30 days
1100,EMP-01100,Employee,None,Engineering,Mechanical Engineer,2,2.2,Current
1101,EMP-01101,Employee,None,Security,Security Supervisor,2,5.5,Expired
1102,EMP-01102,Employee,None,Security,Security Supervisor,2,5.4,Expired
1103,EMP-01103,Employee,None,Marine,Marine Supervisor,2,12.6,Current
1104,CTR-01104,Contractor,Delta Industrial Services,Projects,Construction Supervisor,2,9.7,Current
1105,EMP-01105,Employee,None,Projects,Construction Supervisor,3,4.8,Current
1106,EMP-01106,Employee,None,Operations,Control Room Operator,2,5.4,Current
1107,EMP-01107,Employee,None,Drilling,Derrickhand,3,2.9,Current
1108,EMP-01108,Employee,None,Operations,Production Technician,4,3.6,Current
1109,EMP-01109,Employee,None,Drilling,Roustabout,2,4.4,Current
1110,CTR-01110,Contractor,SafeBuild Engineering,Drilling,Driller,2,9.3,Current
1111,EMP-01111,Employee,None,Logistics,Warehouse Technician,3,4.1,Current
1112,EMP-01112,Employee,None,Engineering,Electrical Engineer,3,1.2,Due within 30 days
1113,CTR-01113,Contractor,Delta Industrial Services,Operations,Process Operator,2,1.9,Current
1114,CTR-01114,Contractor,Prime Offshore Contractors,Maintenance,Electrical Technician,3,6.0,Incomplete
1115,EMP-01115,Employee,None,Security,Security Officer,4,16.2,Incomplete
1116,EMP-01116,Employee,None,Marine,Deck Officer,2,2.1,Current
1117,EMP-01117,Employee,None,Drilling,Driller,4,8.8,Due within 30 days
1118,EMP-01118,Employee,None,Marine,Deck Officer,2,8.3,Current
1119,EMP-01119,Employee,None,HSE,Occupational Health Officer,1,3.9,Current
1120,EMP-01120,Employee,None,Marine,Deck Officer,2,5.3,Current
1121,EMP-01121,Employee,None,HSE,Occupational Health Officer,2,2.5,Due within 30 days
1122,EMP-01122,Employee,None,Security,Security Supervisor,3,6.2,Current
1123,CTR-01123,Contractor,Integrated Drilling Services,Projects,Construction Supervisor,3,11.3,Current
1124,CTR-01124,Contractor,Coastal Logistics Ltd,Laboratory,Chemist,5,11.0,Current
1125,CTR-01125,Contractor,Prime Offshore Contractors,Marine,Marine Supervisor,4,13.0,Current
1126,EMP-01126,Employee,None,Security,Security Officer,2,6.4,Current
1127,EMP-01127,Employee,None,Drilling,Roustabout,2,7.2,Due within 30 days
1128,CTR-01128,Contractor,Delta Industrial Services,Laboratory,Chemist,4,17.1,Current
1129,CTR-01129,Contractor,Delta Industrial Services,Logistics,Logistics Coordinator,1,1.4,Current
1130,EMP-01130,Employee,None,Security,Security Supervisor,3,3.6,Current
1131,CTR-01131,Contractor,Coastal Logistics Ltd,Logistics,Driver,3,18.6,Current
1132,CTR-01132,Contractor,SafeBuild Engineering,Laboratory,Chemist,2,2.3,Current
1133,CTR-01133,Contractor,PetroMaint Solutions,Projects,Field Engineer,4,14.7,Current
1134,EMP-01134,Employee,None,Maintenance,Maintenance Supervisor,4,2.6,Current
1135,EMP-01135,Employee,None,Drilling,Assistant Driller,1,1.5,Current
1136,CTR-01136,Contractor,Prime Offshore Contractors,Projects,Construction Supervisor,2,2.9,Current
1137,EMP-01137,Employee,None,Laboratory,Sampling Technician,2,16.2,Current
1138,EMP-01138,Employee,None,HSE,HSE Officer,3,12.2,Due within 30 days
1139,EMP-01139,Employee,None,HSE,HSE Officer,1,1.6,Current
1140,CTR-01140,Contractor,Delta Industrial Services,Security,Security Supervisor,3,4.2,Current
1141,CTR-01141,Contractor,PetroMaint Solutions,Marine,Crane Operator,3,6.5,Current
1142,CTR-01142,Contractor,PetroMaint Solutions,Drilling,Derrickhand,3,12.6,Expired
1143,CTR-01143,Contractor,SafeBuild Engineering,Logistics,Forklift Operator,2,5.7,Incomplete
1144,EMP-01144,Employee,None,Operations,Operations Supervisor,4,11.8,Expired
1145,EMP-01145,Employee,None,Operations,Control Room Operator,2,0.2,Incomplete
1146,EMP-01146,Employee,None,Marine,Deck Officer,2,11.8,Current
1147,CTR-01147,Contractor,PetroMaint Solutions,Projects,Field Engineer,4,25.5,Current
1148,CTR-01148,Contractor,PetroMaint Solutions,Laboratory,Chemist,2,7.7,Incomplete
1149,CTR-01149,Contractor,WestCo Services Ltd,Security,Security Officer,2,6.2,Current
1150,CTR-01150,Contractor,Prime Offshore Contractors,Security,Security Officer,1,5.3,Current
1151,EMP-01151,Employee,None,HSE,Environmental Officer,1,3.4,Current
1152,EMP-01152,Employee,None,Maintenance,Electrical Technician,2,1.2,Current
1153,EMP-01153,Employee,None,Projects,Construction Supervisor,3,26.1,Current
1154,EMP-01154,Employee,None,Drilling,Assistant Driller,2,1.7,Current
1155,EMP-01155,Employee,None,Security,Security Officer,2,7.3,Current
1156,EMP-01156,Employee,None,Laboratory,Chemist,2,0.8,Expired
1157,CTR-01157,Contractor,Coastal Logistics Ltd,Drilling,Drilling Supervisor,2,7.6,Current
1158,CTR-01158,Contractor,Prime Offshore Contractors,Operations,Operations Supervisor,4,7.9,Current
1159,EMP-01159,Employee,None,Logistics,Logistics Coordinator,2,6.9,Due within 30 days
1160,EMP-01160,Employee,None,Security,Security Officer,3,11.2,Current
1161,CTR-01161,Contractor,SafeBuild Engineering,Laboratory,Laboratory Technician,3,9.2,Current
1162,CTR-01162,Contractor,WestCo Services Ltd,Security,Security Officer,2,3.3,Expired
1163,CTR-01163,Contractor,Coastal Logistics Ltd,Logistics,Logistics Coordinator,2,2.1,Due within 30 days
1164,CTR-01164,Contractor,PetroMaint Solutions,Drilling,Drilling Supervisor,2,5.3,Current
1165,CTR-01165,Contractor,Coastal Logistics Ltd,Laboratory,Laboratory Technician,4,5.9,Due within 30 days
1166,EMP-01166,Employee,None,Engineering,Process Engineer,2,3.3,Expired
1167,CTR-01167,Contractor,Coastal Logistics Ltd,HSE,HSE Officer,3,1.1,Incomplete
1168,EMP-01168,Employee,None,HSE,Occupational Health Officer,4,8.3,Current
1169,EMP-01169,Employee,None,Operations,Production Technician,1,4.6,Current
1170,CTR-01170,Contractor,SafeBuild Engineering,Engineering,Mechanical Engineer,2,3.0,Expired
1171,CTR-01171,Contractor,Prime Offshore Contractors,Maintenance,Mechanical Technician,2,1.2,Current
1172,EMP-01172,Employee,None,Maintenance,Maintenance Supervisor,5,11.5,Current
1173,CTR-01173,Contractor,SafeBuild Engineering,Maintenance,Instrument Technician,3,6.8,Current
1174,EMP-01174,Employee,None,Operations,Operations Supervisor,2,7.4,Incomplete
1175,EMP-01175,Employee,None,Engineering,Process Engineer,3,10.8,Current
1176,EMP-01176,Employee,None,Operations,Control Room Operator,2,7.3,Current
1177,EMP-01177,Employee,None,Marine,Crane Operator,2,3.1,Current
1178,EMP-01178,Employee,None,Maintenance,Electrical Technician,2,5.2,Expired
1179,EMP-01179,Employee,None,Engineering,Mechanical Engineer,4,5.9,Current
1180,EMP-01180,Employee,None,Operations,Operations Supervisor,4,20.9,Current
1181,EMP-01181,Employee,None,Drilling,Assistant Driller,2,4.1,Current
1182,CTR-01182,Contractor,Coastal Logistics Ltd,Engineering,Mechanical Engineer,2,2.8,Current
1183,CTR-01183,Contractor,PetroMaint Solutions,Logistics,Warehouse Technician,3,11.8,Current
1184,EMP-01184,Employee,None,Drilling,Roustabout,3,11.1,Current
1185,CTR-01185,Contractor,Atlantic Marine Support,Projects,Field Engineer,4,6.3,Current
1186,EMP-01186,Employee,None,Operations,Production Technician,3,1.9,Current
1187,CTR-01187,Contractor,SafeBuild Engineering,Marine,Deck Crew,5,25.6,Due within 30 days
1188,EMP-01188,Employee,None,Drilling,Assistant Driller,2,2.0,Due within 30 days
1189,EMP-01189,Employee,None,Engineering,Reliability Engineer,3,4.4,Current
1190,EMP-01190,Employee,None,Logistics,Forklift Operator,2,17.6,Current
1191,EMP-01191,Employee,None,Logistics,Warehouse Technician,4,9.8,Current
1192,EMP-01192,Employee,None,Projects,QA/QC Inspector,1,2.6,Current
1193,CTR-01193,Contractor,Delta Industrial Services,Projects,Construction Supervisor,2,3.7,Current
1194,CTR-01194,Contractor,Atlantic Marine Support,Maintenance,Electrical Technician,2,5.7,Current
1195,EMP-01195,Employee,None,Operations,Process Operator,2,6.7,Current
1196,CTR-01196,Contractor,WestCo Services Ltd,Drilling,Driller,2,1.4,Current
1197,CTR-01197,Contractor,PetroMaint Solutions,Logistics,Driver,4,20.1,Current
1198,EMP-01198,Employee,None,Logistics,Warehouse Technician,2,4.4,Current
1199,CTR-01199,Contractor,Atlantic Marine Support,Operations,Control Room Operator,2,4.5,Expired
1200,EMP-01200,Employee,None,Projects,Construction Supervisor,2,6.2,Current
1201,CTR-01201,Contractor,Atlantic Marine Support,Engineering,Process Engineer,2,8.0,Expired
1202,EMP-01202,Employee,None,Security,Security Officer,4,5.6,Current
1203,CTR-01203,Contractor,Coastal Logistics Ltd,Engineering,Mechanical Engineer,2,2.7,Current
1204,EMP-01204,Employee,None,Laboratory,Sampling Technician,2,4.4,Due within 30 days
1205,EMP-01205,Employee,None,Logistics,Forklift Operator,5,16.4,Expired
1206,EMP-01206,Employee,None,Operations,Process Operator,2,4.1,Expired
1207,CTR-01207,Contractor,SafeBuild Engineering,Projects,Field Engineer,3,5.7,Due within 30 days
1208,CTR-01208,Contractor,PetroMaint Solutions,Marine,Marine Supervisor,3,13.5,Expired
1209,CTR-01209,Contractor,Prime Offshore Contractors,Laboratory,Laboratory Technician,4,12.2,Current
1210,EMP-01210,Employee,None,Drilling,Driller,2,5.9,Current
1211,CTR-01211,Contractor,Prime Offshore Contractors,Marine,Deck Officer,3,1.5,Current
1212,CTR-01212,Contractor,Atlantic Marine Support,Logistics,Logistics Coordinator,2,2.4,Due within 30 days
1213,CTR-01213,Contractor,WestCo Services Ltd,Engineering,Reliability Engineer,1,7.5,Current
1214,CTR-01214,Contractor,Coastal Logistics Ltd,Security,Security Supervisor,2,16.6,Current
1215,CTR-01215,Contractor,PetroMaint Solutions,HSE,Occupational Health Officer,3,7.9,Due within 30 days
1216,CTR-01216,Contractor,Prime Offshore Contractors,Security,Security Supervisor,3,4.9,Current
1217,EMP-01217,Employee,None,Marine,Crane Operator,3,8.9,Due within 30 days
1218,EMP-01218,Employee,None,HSE,Environmental Officer,2,6.6,Due within 30 days
1219,CTR-01219,Contractor,PetroMaint Solutions,Laboratory,Sampling Technician,3,6.9,Current
1220,EMP-01220,Employee,None,Projects,Project Engineer,2,4.5,Incomplete
1221,EMP-01221,Employee,None,Engineering,Mechanical Engineer,2,4.3,Current
1222,EMP-01222,Employee,None,Maintenance,Instrument Technician,3,8.7,Current
1223,EMP-01223,Employee,None,Engineering,Reliability Engineer,2,13.8,Current
1224,CTR-01224,Contractor,PetroMaint Solutions,Logistics,Logistics Coordinator,1,2.3,Current
1225,CTR-01225,Contractor,Delta Industrial Services,Laboratory,Chemist,2,5.4,Current
1226,CTR-01226,Contractor,PetroMaint Solutions,Laboratory,Laboratory Technician,1,0.3,Current
1227,EMP-01227,Employee,None,Engineering,Electrical Engineer,4,5.3,Current
1228,CTR-01228,Contractor,Atlantic Marine Support,Drilling,Assistant Driller,5,22.3,Current
1229,EMP-01229,Employee,None,Logistics,Logistics Coordinator,2,2.3,Current
1230,CTR-01230,Contractor,Coastal Logistics Ltd,Operations,Control Room Operator,4,12.7,Current
1231,EMP-01231,Employee,None,Drilling,Assistant Driller,2,15.1,Due within 30 days
1232,CTR-01232,Contractor,SafeBuild Engineering,HSE,Occupational Health Officer,3,2.1,Current
1233,EMP-01233,Employee,None,Maintenance,Electrical Technician,2,5.2,Current
1234,EMP-01234,Employee,None,Engineering,Electrical Engineer,2,4.7,Due within 30 days
1235,EMP-01235,Employee,None,HSE,HSE Officer,3,5.1,Expired
1236,EMP-01236,Employee,None,Operations,Process Operator,4,6.2,Current
1237,CTR-01237,Contractor,Atlantic Marine Support,HSE,Occupational Health Officer,3,12.5,Current
1238,CTR-01238,Contractor,PetroMaint Solutions,Operations,Operations Supervisor,3,7.5,Incomplete
1239,EMP-01239,Employee,None,Projects,Project Engineer,4,15.5,Current
1240,EMP-01240,Employee,None,Drilling,Assistant Driller,2,2.9,Current
1241,EMP-01241,Employee,None,Projects,Construction Supervisor,3,7.8,Current
1242,EMP-01242,Employee,None,Operations,Production Technician,4,4.5,Current
1243,EMP-01243,Employee,None,Engineering,Electrical Engineer,3,10.2,Current
1244,EMP-01244,Employee,None,Laboratory,Chemist,3,4.6,Current
1245,EMP-01245,Employee,None,Drilling,Roustabout,3,10.5,Due within 30 days
1246,CTR-01246,Contractor,SafeBuild Engineering,HSE,HSE Advisor,3,11.4,Current
1247,CTR-01247,Contractor,Delta Industrial Services,Security,Security Supervisor,5,4.8,Current
1248,EMP-01248,Employee,None,Drilling,Driller,5,10.3,Current
1249,CTR-01249,Contractor,Delta Industrial Services,Security,Security Supervisor,1,11.5,Incomplete
1250,CTR-01250,Contractor,SafeBuild Engineering,Marine,Marine Supervisor,3,5.5,Current
1251,EMP-01251,Employee,None,Engineering,Reliability Engineer,2,5.4,Due within 30 days
1252,CTR-01252,Contractor,Coastal Logistics Ltd,Maintenance,Mechanical Technician,2,2.4,Current
1253,EMP-01253,Employee,None,Logistics,Forklift Operator,4,11.0,Current
1254,EMP-01254,Employee,None,HSE,Environmental Officer,3,6.0,Current
1255,EMP-01255,Employee,None,Laboratory,Sampling Technician,2,6.6,Current
1256,EMP-01256,Employee,None,Projects,Field Engineer,3,3.8,Incomplete
1257,EMP-01257,Employee,None,HSE,HSE Advisor,3,3.9,Current
1258,CTR-01258,Contractor,Prime Offshore Contractors,Engineering,Electrical Engineer,2,10.3,Incomplete
1259,EMP-01259,Employee,None,Drilling,Derrickhand,4,22.3,Current
1260,CTR-01260,Contractor,Prime Offshore Contractors,Operations,Control Room Operator,4,10.3,Current
1261,CTR-01261,Contractor,WestCo Services Ltd,Marine,Deck Crew,2,7.1,Current
1262,EMP-01262,Employee,None,Drilling,Drilling Supervisor,5,19.2,Current
1263,EMP-01263,Employee,None,Laboratory,Sampling Technician,3,2.0,Current
1264,CTR-01264,Contractor,Delta Industrial Services,Projects,Field Engineer,2,2.1,Current
1265,CTR-01265,Contractor,WestCo Services Ltd,Marine,Deck Officer,1,3.6,Current
1266,EMP-01266,Employee,None,Laboratory,Sampling Technician,3,8.3,Expired
1267,CTR-01267,Contractor,Delta Industrial Services,Projects,Field Engineer,2,8.3,Due within 30 days
1268,EMP-01268,Employee,None,Maintenance,Electrical Technician,2,7.6,Current
1269,EMP-01269,Employee,None,Operations,Production Technician,3,9.5,Expired
1270,EMP-01270,Employee,None,Projects,QA/QC Inspector,3,2.1,Current
1271,EMP-01271,Employee,None,Operations,Operations Supervisor,3,2.2,Current
1272,CTR-01272,Contractor,SafeBuild Engineering,Maintenance,Mechanical Technician,2,7.1,Current
1273,CTR-01273,Contractor,Coastal Logistics Ltd,HSE,Occupational Health Officer,3,10.7,Current
1274,CTR-01274,Contractor,Atlantic Marine Support,Engineering,Process Engineer,3,12.6,Expired
1275,CTR-01275,Contractor,Atlantic Marine Support,Marine,Crane Operator,3,4.7,Current
1276,EMP-01276,Employee,None,Operations,Operations Supervisor,2,3.3,Current
1277,CTR-01277,Contractor,PetroMaint Solutions,Marine,Deck Crew,3,9.2,Due within 30 days
1278,EMP-01278,Employee,None,Laboratory,Chemist,3,10.3,Current
1279,EMP-01279,Employee,None,HSE,Occupational Health Officer,2,5.4,Incomplete
1280,EMP-01280,Employee,None,Security,Security Officer,2,3.4,Current
1281,CTR-01281,Contractor,Delta Industrial Services,Logistics,Forklift Operator,3,4.9,Due within 30 days
1282,EMP-01282,Employee,None,Security,Security Officer,4,10.4,Current
1283,CTR-01283,Contractor,WestCo Services Ltd,Laboratory,Chemist,2,4.8,Current
1284,EMP-01284,Employee,None,Marine,Marine Supervisor,2,14.9,Expired
1285,EMP-01285,Employee,None,Logistics,Logistics Coordinator,2,7.4,Due within 30 days
1286,EMP-01286,Employee,None,HSE,Occupational Health Officer,1,1.2,Current
1287,EMP-01287,Employee,None,Engineering,Reliability Engineer,2,5.0,Expired
1288,EMP-01288,Employee,None,Marine,Deck Officer,4,2.8,Current
1289,EMP-01289,Employee,None,Drilling,Roustabout,4,12.3,Current
1290,CTR-01290,Contractor,SafeBuild Engineering,LOGISTICS,Driver,2,7.8,Current
1291,EMP-01291,Employee,None,Engineering,Mechanical Engineer,3,8.0,Current
1292,CTR-01292,Contractor,SafeBuild Engineering,Operations,Production Technician,2,7.7,Current
1293,EMP-01293,Employee,None,Projects,Field Engineer,1,1.0,Current
1294,CTR-01294,Contractor,Atlantic Marine Support,HSE,HSE Officer,2,5.5,Current
1295,CTR-01295,Contractor,Prime Offshore Contractors,Logistics,Logistics Coordinator,2,8.4,Current
1296,CTR-01296,Contractor,SafeBuild Engineering,Laboratory,Chemist,4,8.9,Due within 30 days
1297,EMP-01297,Employee,None,Projects,QA/QC Inspector,3,7.3,Current
1298,CTR-01298,Contractor,Delta Industrial Services,Logistics,Warehouse Technician,2,22.1,Current
1299,CTR-01299,Contractor,Atlantic Marine Support,HSE,HSE Advisor,3,8.0,Current
1300,CTR-01300,Contractor,PetroMaint Solutions,Drilling,Roustabout,2,7.9,Current
1301,EMP-01301,Employee,None,Laboratory,Chemist,2,3.8,Incomplete
1302,CTR-01302,Contractor,Coastal Logistics Ltd,HSE,HSE Officer,2,2.4,Current
1303,CTR-01303,Contractor,SafeBuild Engineering,Operations,Process Operator,2,2.3,Due within 30 days
1304,EMP-01304,Employee,None,HSE,Occupational Health Officer,3,6.5,Current
1305,CTR-01305,Contractor,WestCo Services Ltd,Security,Security Supervisor,2,5.4,Current
1306,EMP-01306,Employee,None,Projects,Project Engineer,4,7.8,Current
1307,EMP-01307,Employee,None,Marine,Marine Technician,3,2.1,Due within 30 days
1308,CTR-01308,Contractor,Coastal Logistics Ltd,Security,Security Officer,2,0.6,Current
1309,EMP-01309,Employee,None,Drilling,Assistant Driller,2,0.9,Due within 30 days
1310,EMP-01310,Employee,None,Maintenance,Maintenance Supervisor,3,7.4,Expired
1311,EMP-01311,Employee,None,Marine,Deck Officer,3,3.6,Incomplete
1312,CTR-01312,Contractor,Integrated Drilling Services,Laboratory,Sampling Technician,3,17.3,Current
1313,CTR-01313,Contractor,Prime Offshore Contractors,Security,Security Supervisor,5,8.0,Incomplete
1314,EMP-01314,Employee,None,Maintenance,Maintenance Supervisor,1,0.8,Current
1315,EMP-01315,Employee,None,Drilling,Derrickhand,4,9.8,Current
1316,CTR-01316,Contractor,Atlantic Marine Support,Laboratory,Sampling Technician,3,6.0,Expired
1317,EMP-01317,Employee,None,HSE,HSE Officer,2,10.4,Current
1318,EMP-01318,Employee,None,Engineering,Reliability Engineer,3,8.8,Current
1319,CTR-01319,Contractor,Integrated Drilling Services,Laboratory,Chemist,2,5.2,Expired
1320,EMP-01320,Employee,None,Logistics,Forklift Operator,2,6.2,Current
1321,EMP-01321,Employee,None,HSE,HSE Officer,2,6.7,Current
1322,CTR-01322,Contractor,Atlantic Marine Support,HSE,HSE Advisor,3,8.3,Current
1323,EMP-01323,Employee,None,Security,Security Supervisor,2,6.2,Current
1324,EMP-01324,Employee,None,Projects,QA/QC Inspector,2,7.3,Expired
1325,EMP-01325,Employee,None,Drilling,Drilling Supervisor,2,7.7,Current
1326,CTR-01326,Contractor,Integrated Drilling Services,Laboratory,Sampling Technician,5,6.0,Due within 30 days
1327,EMP-01327,Employee,None,HSE,HSE Officer,2,11.4,Current
1328,EMP-01328,Employee,None,Logistics,Logistics Coordinator,4,8.5,Current
1329,EMP-01329,Employee,None,Laboratory,Chemist,5,9.2,Current
1330,EMP-01330,Employee,None,Projects,Project Engineer,2,7.2,Current
1331,CTR-01331,Contractor,Coastal Logistics Ltd,Maintenance,Electrical Technician,2,13.7,Current
1332,EMP-01332,Employee,None,Maintenance,Maintenance Supervisor,3,9.7,Current
1333,EMP-01333,Employee,None,Laboratory,Laboratory Technician,2,6.9,Current
1334,EMP-01334,Employee,None,Marine,Marine Supervisor,2,3.8,Current
1335,EMP-01335,Employee,None,HSE,Occupational Health Officer,3,5.9,Current
1336,EMP-01336,Employee,None,Engineering,Process Engineer,3,5.6,Current
1337,CTR-01337,Contractor,PetroMaint Solutions,Laboratory,Laboratory Technician,2,2.6,Expired
1338,CTR-01338,Contractor,Atlantic Marine Support,Maintenance,Electrical Technician,2,0.8,Current
1339,EMP-01339,Employee,None,Operations,Process Operator,2,15.3,Current
1340,EMP-01340,Employee,None,Engineering,Process Engineer,3,3.5,Current
1341,EMP-01341,Employee,None,Engineering,Electrical Engineer,4,13.9,Expired
1342,EMP-01342,Employee,None,Maintenance,Maintenance Supervisor,3,8.7,Current
1343,EMP-01343,employee,None,Operations,Process Operator,3,16.4,Expired
1344,EMP-01344,Employee,None,Operations,Production Technician,2,4.5,Current
1345,EMP-01345,Employee,None,Operations,Operations Supervisor,3,21.3,Current
1346,CTR-01346,Contractor,Atlantic Marine Support,HSE,Environmental Officer,2,7.7,Current
1347,CTR-01347,Contractor,Atlantic Marine Support,Drilling,Drilling Supervisor,2,3.4,Current
1348,EMP-01348,Employee,None,Laboratory,Sampling Technician,3,5.0,Expired
1349,CTR-01349,Contractor,SafeBuild Engineering,Logistics,Warehouse Technician,2,2.9,Expired
1350,EMP-01350,Employee,None,Marine,Crane Operator,4,7.7, current 
1351,CTR-01351,Contractor,Integrated Drilling Services,Security,Security Officer,2,5.5,Current
1352,CTR-01352,Contractor,WestCo Services Ltd,Engineering,Electrical Engineer,3,9.1,Expired
1353,CTR-01353,Contractor,Atlantic Marine Support,Engineering,Reliability Engineer,1,6.4,Current
1354,EMP-01354,Employee,None,Security,Security Officer,4,10.3,Current
1355,CTR-01355,Contractor,Atlantic Marine Support,Engineering,Reliability Engineer,3,3.4,Current
1356,CTR-01356,Contractor,PetroMaint Solutions,Maintenance,Mechanical Technician,2,4.6,Current
1357,CTR-01357,Contractor,SafeBuild Engineering,Logistics,Logistics Coordinator,2,4.8,Current
1358,EMP-01358,Employee,None,Logistics,Warehouse Technician,5,8.8,Incomplete
1359,EMP-01359,Employee,None,Engineering,Process Engineer,2,0.6,Current
1360,EMP-01360,Employee,None,Marine,Crane Operator,3,11.9,Current
1361,EMP-01361,Employee,None,Laboratory,Chemist,2,1.6,Current
1362,EMP-01362,Employee,None,Security,Security Officer,2,6.0,Current
1363,CTR-01363,Contractor,Coastal Logistics Ltd,Operations,Operations Supervisor,2,3.4,Current
1364,CTR-01364,Contractor,Integrated Drilling Services,Security,Security Officer,2,6.2,Current
1365,CTR-01365,Contractor,Prime Offshore Contractors,Security,Security Supervisor,3,4.4,Current
1366,EMP-01366,Employee,None,Maintenance,Mechanical Technician,2,3.0,Expired
1367,CTR-01367,Contractor,Prime Offshore Contractors,Drilling,Driller,3,6.2,Expired
1368,CTR-01368,Contractor,Delta Industrial Services,Engineering,Electrical Engineer,1,4.8,Current
1369,EMP-01369,Employee,None,Operations,Control Room Operator,2,4.5,Due within 30 days
1370,EMP-01370,Employee,None,Logistics,Driver,3,14.6,Incomplete
1371,EMP-01371,Employee,None,Projects,QA/QC Inspector,1,1.7,Incomplete
1372,CTR-01372,Contractor,WestCo Services Ltd,Operations,Process Operator,3,3.6,Due within 30 days
1373,CTR-01373,Contractor,Atlantic Marine Support,Logistics,Forklift Operator,4,20.8,Current
1374,EMP-01374,Employee,None,Marine,Marine Supervisor,3,0.3,Incomplete
1375,CTR-01375,Contractor,Prime Offshore Contractors,Logistics,Logistics Coordinator,2,4.0,Incomplete
1376,EMP-01376,Employee,None,HSE,Environmental Officer,2,4.2,Current
1377,EMP-01377,Employee,None,Operations,Production Technician,3,9.9,Expired
1378,CTR-01378,Contractor,Prime Offshore Contractors,HSE,Occupational Health Officer,2,2.6,Current
1379,EMP-01379,Employee,None,Projects,Project Engineer,4,10.8,Current
1380,EMP-01380,Employee,None,HSE,HSE Advisor,2,3.6,Current
1381,CTR-01381,Contractor,Atlantic Marine Support,Operations,Control Room Operator,3,4.3,Current
1382,CTR-01382,Contractor,Coastal Logistics Ltd,Projects,Construction Supervisor,3,8.1,Current
1383,EMP-01383,Employee,None,Drilling,Drilling Supervisor,2,11.9,Current
1384,CTR-01384,Contractor,Atlantic Marine Support,Projects,Field Engineer,2,6.3,Current
1385,EMP-01385,Employee,None,Laboratory,Chemist,2,3.9,Current
1386,EMP-01386,Employee,None,Security,Security Officer,2,4.1,Current
1387,EMP-01387,Employee,None,HSE,Environmental Officer,2,5.2,Current
1388,EMP-01388,Employee,None,Laboratory,Sampling Technician,5,19.9,Current
1389,CTR-01389,Contractor,Integrated Drilling Services,HSE,HSE Officer,2,0.5,Current
1390,EMP-01390,Employee,None,Engineering,Process Engineer,2,2.6,Current
1391,CTR-01391,Contractor,Prime Offshore Contractors,HSE,HSE Officer,3,8.2,Incomplete
1392,CTR-01392,Contractor,Atlantic Marine Support,Laboratory,Laboratory Technician,3,3.7,Expired
1393,CTR-01393,Contractor,Atlantic Marine Support,Marine,Deck Crew,2,2.1,Due within 30 days
1394,CTR-01394,Contractor,PetroMaint Solutions,Operations,Operations Supervisor,4,12.8,Due within 30 days
1395,EMP-01395,Employee,None,Drilling,Driller,4,12.8,Current
1396,EMP-01396,Employee,None,Projects,QA/QC Inspector,2,5.2,Current
1397,CTR-01397,Contractor,Delta Industrial Services,Laboratory,Chemist,3,7.6,Current
1398,CTR-01398,Contractor,Atlantic Marine Support,Marine,Deck Officer,4,7.3,Current
1399,CTR-01399,Contractor,PetroMaint Solutions,Maintenance,Instrument Technician,4,4.5,Current
1400,CTR-01400,Contractor,Prime Offshore Contractors,HSE,Environmental Officer,2,4.0,Current
1401,CTR-01401,Contractor,Atlantic Marine Support,Drilling,Driller,2,5.7,Current
1402,EMP-01402,Employee,None,Marine,Deck Officer,3,13.2,Expired
1403,EMP-01403,Employee,None,Laboratory,Chemist,3,1.9,Current
1404,EMP-01404,Employee,None,Security,Security Supervisor,3,7.1,Expired
1405,EMP-01405,Employee,None,Maintenance,Instrument Technician,2,3.5,Current
1406,EMP-01406,Employee,None,HSE,HSE Advisor,3,8.0,Incomplete
1407,CTR-01407,Contractor,Delta Industrial Services,Engineering,Mechanical Engineer,1,1.9,Incomplete
1408,EMP-01408,Employee,None,Laboratory,Chemist,4,4.7,Current
1409,CTR-01409,Contractor,SafeBuild Engineering,Security,Security Officer,3,19.2,Current
1410,EMP-01410,Employee,None,Projects,Project Engineer,3,10.9,Current
1411,EMP-01411,Employee,None,Logistics,Driver,3,13.1,Current
1412,EMP-01412,Employee,None,Engineering,Reliability Engineer,2,8.1,Current
1413,CTR-01413,Contractor,WestCo Services Ltd,HSE,Occupational Health Officer,1,1.0,Expired
1414,EMP-01414,Employee,None,Laboratory,Sampling Technician,1,3.2,Incomplete
1415,CTR-01415,Contractor,Atlantic Marine Support,Marine,Deck Crew,5,15.1,Current
1416,CTR-01416,Contractor,Integrated Drilling Services,Operations,Operations Supervisor,3,13.4,Expired
1417,EMP-01417,Employee,None,HSE,HSE Advisor,4,11.7,Current
1418,EMP-01418,Employee,None,Maintenance,Instrument Technician,1,1.8,Current
1419,EMP-01419,Employee,None,Logistics,Warehouse Technician,4,9.5,Current
1420,CTR-01420,Contractor,Prime Offshore Contractors,Engineering,Reliability Engineer,3,3.8,Current
1421,CTR-01421,Contractor,WestCo Services Ltd,Laboratory,Laboratory Technician,2,2.3,Current
1422,EMP-01422,Employee,None,Marine,Deck Officer,2,6.5,Current
1423,CTR-01423,Contractor,SafeBuild Engineering,Operations,Control Room Operator,2,1.8,Current
1424,CTR-01424,Contractor,Coastal Logistics Ltd,Drilling,Drilling Supervisor,3,13.1,Current
1425,CTR-01425,Contractor,SafeBuild Engineering,Logistics,Forklift Operator,5,19.1,Current
1426,EMP-01426,Employee,None,Laboratory,Laboratory Technician,3,7.6,Current
1427,EMP-01427,Employee,None,Laboratory,Laboratory Technician,4,8.7,Current
1428,EMP-01428,Employee,None,Maintenance,Maintenance Supervisor,3,14.0,Current
1429,CTR-01429,Contractor,Coastal Logistics Ltd,Logistics,Warehouse Technician,5,7.9,Current
1430,CTR-01430,Contractor,WestCo Services Ltd,Projects,Field Engineer,2,6.6,Current
1431,EMP-01431,Employee,None,Maintenance,Mechanical Technician,1,4.2,Current
1432,EMP-01432,Employee,None,Marine,Marine Technician,2,1.8,Expired
1433,EMP-01433,Employee,None,Maintenance,Instrument Technician,4,6.6,Due within 30 days
1434,EMP-01434,Employee,None,Maintenance,Electrical Technician,2,7.1,Current
1435,EMP-01435,Employee,None,Drilling,Assistant Driller,3,5.8,Current
1436,CTR-01436,Contractor,Prime Offshore Contractors,Operations,Production Technician,3,8.5,Current
1437,CTR-01437,Contractor,SafeBuild Engineering,Engineering,Reliability Engineer,4,5.7,Incomplete
1438,EMP-01438,Employee,None,Logistics,Logistics Coordinator,2,5.1,Current
1439,EMP-01439,Employee,None,Projects,QA/QC Inspector,1,1.7,Current
1440,EMP-01440,Employee,None,Drilling,Driller,1,3.9,Current
1441,CTR-01441,Contractor,Coastal Logistics Ltd,Engineering,Electrical Engineer,4,4.5,Current
1442,EMP-01442,Employee,None,Logistics,Driver,2,12.1,Current
1443,CTR-01443,contractor,Atlantic Marine Support,HSE,HSE Advisor,3,12.5,Current
1444,CTR-01444,Contractor,Integrated Drilling Services,Security,Security Supervisor,2,6.6,Current
1445,CTR-01445,Contractor,SafeBuild Engineering,Projects,Construction Supervisor,3,4.1,Current
1446,CTR-01446,Contractor,Atlantic Marine Support,Logistics,Logistics Coordinator,3,3.5,Current
1447,EMP-01447,Employee,None,Logistics,Driver,4,6.6,Current
1448,CTR-01448,Contractor,WestCo Services Ltd,Engineering,Process Engineer,4,12.2,Due within 30 days
1449,EMP-01449,Employee,None,Projects,Project Engineer,3,6.3,Current
1450,CTR-01450,Contractor,Prime Offshore Contractors,Laboratory,Laboratory Technician,3,6.5,Current
1451,CTR-01451,Contractor,Prime Offshore Contractors,Laboratory,Sampling Technician,1,1.6,Current
1452,EMP-01452,Employee,None,Engineering,Mechanical Engineer,3,3.9,Current
1453,CTR-01453,Contractor,Integrated Drilling Services,Security,Security Supervisor,3,10.5,Due within 30 days
1454,EMP-01454,Employee,None,Security,Security Supervisor,3,5.1,Expired
1455,CTR-01455,Contractor,PetroMaint Solutions,Engineering,Reliability Engineer,3,3.3,Current
1456,EMP-01456,Employee,None,Maintenance,Electrical Technician,2,2.3,Current
1457,CTR-01457,Contractor,Coastal Logistics Ltd,Drilling,Roustabout,3,4.0,Current
1458,EMP-01458,Employee,None,Engineering,Electrical Engineer,2,6.3,Current
1459,EMP-01459,Employee,None,Engineering,Reliability Engineer,3,8.2,Current
1460,CTR-01460,Contractor,Integrated Drilling Services,Security,Security Officer,3,3.1,Current
1461,CTR-01461,Contractor,Prime Offshore Contractors,Marine,Marine Supervisor,2,4.4,Current
1462,EMP-01462,Employee,None,Laboratory,Laboratory Technician,3,7.5,Incomplete
1463,EMP-01463,Employee,None,Logistics,Warehouse Technician,2,2.5,Current
1464,CTR-01464,Contractor,Coastal Logistics Ltd,Projects,Field Engineer,2,1.8,Current
1465,EMP-01465,Employee,None,Security,Security Officer,1,0.8,Current
1466,EMP-01466,Employee,None,Engineering,Electrical Engineer,2,7.3,Current
1467,EMP-01467,Employee,None,Maintenance,Instrument Technician,2,11.3,Expired
1468,CTR-01468,Contractor,Integrated Drilling Services,Security,Security Supervisor,5,5.6,Current
1469,EMP-01469,Employee,None,Maintenance,Electrical Technician,4,1.7,Current
1470,CTR-01470,Contractor,PetroMaint Solutions,Marine,Marine Technician,5,4.5,Current
1471,CTR-01471,Contractor,SafeBuild Engineering,HSE,HSE Officer,2,2.1,Current
1472,CTR-01472,Contractor,Atlantic Marine Support,Maintenance,Electrical Technician,2,2.9,Due within 30 days
1473,EMP-01473,Employee,None,Logistics,Logistics Coordinator,3,11.8,Current
1474,EMP-01474,Employee,None,Operations,Production Technician,3,5.6,Current
1475,CTR-01475,Contractor,Atlantic Marine Support,Operations,Control Room Operator,2,10.6,Current
1476,CTR-01476,Contractor,Prime Offshore Contractors,HSE,HSE Advisor,1,5.0,Current
1477,EMP-01477,Employee,None,Laboratory,Chemist,3,5.5,Current
1478,EMP-01478,Employee,None,Operations,Operations Supervisor,3,4.6,Expired
1479,EMP-01479,Employee,None,Projects,QA/QC Inspector,3,16.8,Current
1480,CTR-01480,Contractor,Integrated Drilling Services,Maintenance,Instrument Technician,2,6.5,Current
1481,EMP-01481,Employee,None,Operations,Process Operator,3,4.4,Expired
1482,EMP-01482,Employee,None,Drilling,Driller,3,8.1,Current
1483,EMP-01483,Employee,None,Security,Security Supervisor,2,2.9,Incomplete
1484,EMP-01484,Employee,None,Security,Security Officer,2,3.7,Due within 30 days
1485,EMP-01485,Employee,None,Marine,Marine Technician,2,4.5,Current
1486,CTR-01486,Contractor,WestCo Services Ltd,Operations,Control Room Operator,3,8.3,Due within 30 days
1487,CTR-01487,Contractor,Atlantic Marine Support,Projects,QA/QC Inspector,2,0.5,Expired
1488,CTR-01488,Contractor,Integrated Drilling Services,Drilling,Assistant Driller,4,6.6,Due within 30 days
1489,CTR-01489,Contractor,Delta Industrial Services,Marine,Deck Crew,2,3.7,Current
1490,EMP-01490,Employee,None,Projects,Project Engineer,2,10.5,Current
1491,EMP-01491,Employee,None,Maintenance,Electrical Technician,1,1.2,Current
1492,CTR-01492,Contractor,Integrated Drilling Services,Operations,Operations Supervisor,5,17.1,Current
1493,EMP-01493,Employee,None,Operations,Production Technician,3,10.5,Current
1494,EMP-01494,Employee,None,HSE,HSE Advisor,2,6.3,Current
1495,EMP-01495,Employee,None,Drilling,Drilling Supervisor,2,7.1,Current
1496,CTR-01496,Contractor,WestCo Services Ltd,Projects,Project Engineer,2,14.1,Current
1497,EMP-01497,Employee,None,Security,Security Supervisor,2,4.6,Current
1498,EMP-01498,Employee,None,Logistics,Forklift Operator,4,9.1,Due within 30 days
1499,CTR-01499,Contractor,Prime Offshore Contractors,Drilling,Drilling Supervisor,3,12.8,Current
1500,CTR-01500,Contractor,Atlantic Marine Support,Engineering,Mechanical Engineer,2,7.2,Incomplete
1501,EMP-01501,Employee,None,Operations,Production Technician,2,5.5,Current
1502,CTR-01502,Contractor,Delta Industrial Services,HSE,Occupational Health Officer,2,5.9,Current
1503,CTR-01503,Contractor,SafeBuild Engineering,Logistics,Logistics Coordinator,3,10.5,Current
1504,EMP-01504,Employee,None,Drilling,Driller,3,13.7,Current
1505,CTR-01505,Contractor,Coastal Logistics Ltd,Logistics,Driver,2,3.0,Current
1506,EMP-01506,Employee,None,Engineering,Mechanical Engineer,2,3.9,Current
1507,EMP-01507,Employee,None,Laboratory,Sampling Technician,4,2.6,Expired
1508,EMP-01508,Employee,None,Drilling,Derrickhand,2,0.7,Current
1509,CTR-01509,Contractor,Coastal Logistics Ltd,Projects,Project Engineer,2,3.4,Current
1510,EMP-01510,Employee,None,Projects,Project Engineer,3,2.1,Expired
1511,CTR-01511,Contractor,Coastal Logistics Ltd,Engineering,Electrical Engineer,3,12.3,Expired
1512,CTR-01512,Contractor,Integrated Drilling Services,Projects,QA/QC Inspector,2,3.2,Current
1513,CTR-01513,Contractor,Coastal Logistics Ltd,Security,Security Officer,2,5.2,Current
1514,EMP-01514,Employee,None,Engineering,Mechanical Engineer,3,5.4, current 
1515,EMP-01515,Employee,None,Security,Security Supervisor,3,3.5,Current
1516,EMP-01516,Employee,None,Maintenance,Instrument Technician,2,4.2,Due within 30 days
1517,EMP-01517,Employee,None,HSE,Occupational Health Officer,1,1.5,Current
1518,EMP-01518,Employee,None,Maintenance,Maintenance Supervisor,4,2.0,Current
1519,EMP-01519,Employee,None,Laboratory,Sampling Technician,3,9.9,Current
1520,CTR-01520,Contractor,Integrated Drilling Services,Operations,Production Technician,3,6.0,Due within 30 days
1521,EMP-01521,Employee,None,Operations,Production Technician,2,1.3,Current
1522,EMP-01522,Employee,None,Drilling,Derrickhand,1,0.6,Incomplete
1523,EMP-01523,Employee,None,Engineering,Electrical Engineer,2,1.2,Incomplete
1524,EMP-01524,Employee,None,HSE,HSE Advisor,2,7.5,Incomplete
1525,EMP-01525,Employee,None,Maintenance,Maintenance Supervisor,3,4.8,Current
1526,EMP-01526,Employee,None,Operations,Operations Supervisor,2,7.6,Current
1527,CTR-01527,Contractor,Prime Offshore Contractors,Security,Security Officer,1,1.9,Current
1528,CTR-01528,Contractor,SafeBuild Engineering,HSE,Environmental Officer,1,2.7,Due within 30 days
1529,CTR-01529,Contractor,WestCo Services Ltd,Logistics,Driver,3,3.3,Due within 30 days
1530,EMP-01530,Employee,None,Maintenance,Electrical Technician,3,3.0,Current
1531,EMP-01531,Employee,None,Security,Security Supervisor,3,4.3,Current
1532,CTR-01532,Contractor,Atlantic Marine Support,Security,Security Officer,1,4.8,Current
1533,EMP-01533,Employee,None,Security,Security Supervisor,2,4.3,Current
1534,EMP-01534,Employee,None,Drilling,Roustabout,4,15.4,Current
1535,CTR-01535,Contractor,Atlantic Marine Support,Marine,Deck Crew,2,1.3,Current
1536,EMP-01536,Employee,None,HSE,HSE Advisor,4,8.6,Current
1537,CTR-01537,Contractor,PetroMaint Solutions,Operations,Control Room Operator,3,5.2,Due within 30 days
1538,CTR-01538,Contractor,SafeBuild Engineering,Logistics,Driver,2,2.8,Due within 30 days
1539,EMP-01539,Employee,None,Maintenance,Mechanical Technician,2,4.5,Due within 30 days
1540,EMP-01540,Employee,None,Maintenance,Mechanical Technician,2,12.9,Current
1541,EMP-01541,Employee,None,HSE,HSE Officer,3,2.7,Current
1542,CTR-01542,Contractor,PetroMaint Solutions,HSE,Environmental Officer,3,7.4,Due within 30 days
1543,EMP-01543,Employee,None,Engineering,Process Engineer,3,2.7,Expired
1544,EMP-01544,Employee,None,Projects,Project Engineer,3,6.1,Due within 30 days
1545,CTR-01545,Contractor,Integrated Drilling Services,Marine,Crane Operator,4,8.0,Current
1546,EMP-01546,Employee,None,Security,Security Supervisor,2,4.3,Current
1547,EMP-01547,Employee,None,Operations,Production Technician,2,7.0,Current
1548,CTR-01548,Contractor,SafeBuild Engineering,Maintenance,Mechanical Technician,3,3.2,Current
1549,EMP-01549,Employee,None,Engineering,Reliability Engineer,2,7.4,Current
1550,EMP-01550,Employee,None,Engineering,Reliability Engineer,3,6.7,Incomplete
1551,EMP-01551,Employee,None,Maintenance,Instrument Technician,2,7.3,Current
1552,CTR-01552,Contractor,SafeBuild Engineering,Logistics,Forklift Operator,3,8.7,Current
1553,EMP-01553,Employee,None,Drilling,Drilling Supervisor,3,9.0,Current
1554,CTR-01554,Contractor,Prime Offshore Contractors,Laboratory,Sampling Technician,2,5.0,Current
1555,CTR-01555,Contractor,Delta Industrial Services,Projects,Field Engineer,2,10.6,Current
1556,EMP-01556,Employee,None,HSE,HSE Officer,2,7.4,Current
1557,EMP-01557,Employee,None,Logistics,Driver,3,5.5,Current
1558,CTR-01558,Contractor,SafeBuild Engineering,Engineering,Process Engineer,4,13.5,Incomplete
1559,EMP-01559,Employee,None,Security,Security Officer,5,15.6,Current
1560,EMP-01560,Employee,None,Drilling,Driller,2,5.3,Current
1561,CTR-01561,Contractor,PetroMaint Solutions,Engineering,Mechanical Engineer,3,5.4,Expired
1562,EMP-01562,Employee,None,Projects,Project Engineer,2,7.5,Current
1563,EMP-01563,Employee,None,Operations,Production Technician,3,2.7,Due within 30 days
1564,EMP-01564,Employee,None,Logistics,Warehouse Technician,5,18.4,Current
1565,EMP-01565,Employee,None,Security,Security Supervisor,2,2.2,Expired
1566,CTR-01566,Contractor,Integrated Drilling Services,HSE,Occupational Health Officer,2,3.6,Current
1567,EMP-01567,Employee,None,HSE,Occupational Health Officer,3,6.6,Expired
1568,EMP-01568,Employee,None,HSE,HSE Advisor,3,5.0,Current
1569,EMP-01569,Employee,None,Laboratory,Chemist,4,8.3,Current
1570,CTR-01570,Contractor,WestCo Services Ltd,Operations,Process Operator,3,3.9,Current
1571,CTR-01571,Contractor,Delta Industrial Services,Laboratory,Sampling Technician,3,13.7,Current
1572,EMP-01572,Employee,None,Operations,Production Technician,3,9.4,Expired
1573,EMP-01573,Employee,None,Maintenance,Mechanical Technician,3,8.3,Current
1574,CTR-01574,Contractor,Integrated Drilling Services,Marine,Marine Technician,3,14.8,Current
1575,CTR-01575,Contractor,WestCo Services Ltd,Laboratory,Chemist,2,3.5,Incomplete
1576,EMP-01576,Employee,None,Projects,Project Engineer,2,1.2,Current
1577,EMP-01577,Employee,None,Laboratory,Laboratory Technician,2,6.4,Current
1578,EMP-01578,Employee,None,Engineering,Reliability Engineer,5,12.1,Due within 30 days
1579,EMP-01579,Employee,None,Drilling,Assistant Driller,3,0.7,Due within 30 days
1580,CTR-01580,Contractor,Delta Industrial Services,Logistics,Logistics Coordinator,2,4.0,Expired
1581,EMP-01581,Employee,None,Security,Security Supervisor,2,0.9,Current
1582,EMP-01582,Employee,None,Maintenance,Mechanical Technician,5,3.8,Expired
1583,EMP-01583,Employee,None,Laboratory,Sampling Technician,2,8.0,Current
1584,EMP-01584,Employee,None,Maintenance,Maintenance Supervisor,3,3.4,Current
1585,CTR-01585,Contractor,Delta Industrial Services,Engineering,Reliability Engineer,2,7.0,Expired
1586,EMP-01586,Employee,None,Security,Security Supervisor,4,12.5,Current
1587,EMP-01587,Employee,None,Drilling,Assistant Driller,2,1.3,Current
1588,EMP-01588,Employee,None,Security,Security Supervisor,4,8.6,Current
1589,EMP-01589,Employee,None,Logistics,Logistics Coordinator,2,4.3,Current
1590,CTR-01590,Contractor,WestCo Services Ltd,Laboratory,Chemist,4,13.8,Current
1591,EMP-01591,Employee,None,Operations,Process Operator,3,4.1,Current
1592,EMP-01592,Employee,None,Logistics,Forklift Operator,3,7.2,Current
1593,EMP-01593,Employee,None,Logistics,Warehouse Technician,2,5.2,Current
1594,EMP-01594,Employee,None,Projects,Construction Supervisor,3,14.2,Current
1595,EMP-01595,Employee,None,Projects,QA/QC Inspector,4,9.3,Current
1596,CTR-01596,Contractor,WestCo Services Ltd,Logistics,Driver,5,2.1,Current
1597,CTR-01597,Contractor,Atlantic Marine Support,Operations,Production Technician,2,4.8,Current
1598,EMP-01598,Employee,None,Operations,Production Technician,4,10.4,Current
1599,EMP-01599,Employee,None,Logistics,Forklift Operator,2,2.7,Expired
1600,CTR-01600,Contractor,Delta Industrial Services,Logistics,Driver,2,3.4,Current
1601,CTR-01601,Contractor,Prime Offshore Contractors,Engineering,Mechanical Engineer,5,9.1,Current
1602,EMP-01602,Employee,None,Logistics,Forklift Operator,2,3.7,Current
1603,EMP-01603,Employee,None,Engineering,Process Engineer,2,5.2,Current
1604,EMP-01604,Employee,None,Marine,Crane Operator,1,3.9,Incomplete
1605,EMP-01605,Employee,None,Maintenance,Maintenance Supervisor,5,9.8,Current
1606,CTR-01606,Contractor,PetroMaint Solutions,Laboratory,Sampling Technician,2,6.3,Expired
1607,EMP-01607,Employee,None,Drilling,Assistant Driller,3,2.0,Current
1608,EMP-01608,Employee,None,HSE,Environmental Officer,1,2.4,Expired
1609,EMP-01609,Employee,None,Drilling,Roustabout,2,3.6,Due within 30 days
1610,CTR-01610,Contractor,Prime Offshore Contractors,Drilling,Roustabout,1,3.3,Expired
1611,CTR-01611,Contractor,Coastal Logistics Ltd,Marine,Marine Technician,4,10.4,Current
1612,CTR-01612,Contractor,SafeBuild Engineering,Security,Security Supervisor,1,1.7,Due within 30 days
1613,EMP-01613,Employee,None,Engineering,Mechanical Engineer,2,7.0,Current
1614,EMP-01614,Employee,None,Engineering,Reliability Engineer,2,1.9,Expired
1615,EMP-01615,Employee,None,Logistics,Logistics Coordinator,2,4.5,Current
1616,EMP-01616,Employee,None,Projects,QA/QC Inspector,5,10.6,Current
1617,EMP-01617,Employee,None,Security,Security Supervisor,5,10.5,Current
1618,CTR-01618,Contractor,PetroMaint Solutions,Engineering,Electrical Engineer,1,1.0,Current
1619,EMP-01619,Employee,None,Operations,Process Operator,3,5.0,Current
1620,EMP-01620,Employee,None,HSE,HSE Advisor,2,4.2,Current
1621,EMP-01621,Employee,None,Projects,Construction Supervisor,4,9.1,Due within 30 days
1622,CTR-01622,Contractor,Integrated Drilling Services,Operations,Production Technician,2,7.4,Current
1623,EMP-01623,Employee,None,Maintenance,Maintenance Supervisor,2,4.4,Current
1624,EMP-01624,Employee,None,Laboratory,Chemist,3,7.8,Current
1625,CTR-01625,Contractor,PetroMaint Solutions,Laboratory,Laboratory Technician,3,5.9,Current
1626,CTR-01626,Contractor,PetroMaint Solutions,Security,Security Supervisor,1,0.7,Current
1627,CTR-01627,Contractor,WestCo Services Ltd,Drilling,Driller,4,13.0,Current
1628,CTR-01628,Contractor,Coastal Logistics Ltd,Projects,QA/QC Inspector,3,12.0,Current
1629,EMP-01629,Employee,None,Drilling,Assistant Driller,2,9.2,Current
1630,EMP-01630,Employee,None,Marine,Crane Operator,3,9.5,Current
1631,EMP-01631,Employee,None,Laboratory,Sampling Technician,1,4.4,Expired
1632,EMP-01632,Employee,None,HSE,Environmental Officer,3,18.2,Current
1633,EMP-01633,Employee,None,Security,Security Officer,2,2.9,Current
1634,CTR-01634,Contractor,Integrated Drilling Services,Operations,Process Operator,2,2.7,Current
1635,CTR-01635,Contractor,PetroMaint Solutions,Logistics,Forklift Operator,1,2.2,Current
1636,EMP-01636,Employee,None,Laboratory,Sampling Technician,4,16.0,Current
1637,CTR-01637,Contractor,Coastal Logistics Ltd,Operations,Control Room Operator,5,4.7,Expired
1638,EMP-01638,Employee,None,Logistics,Warehouse Technician,2,2.2,Current
1639,EMP-01639,Employee,None,Security,Security Supervisor,1,1.8,Current
1640,CTR-01640,Contractor,Coastal Logistics Ltd,Engineering,Process Engineer,1,2.4,Current
1641,CTR-01641,contractor,Atlantic Marine Support,HSE,Environmental Officer,3,5.8,Current
1642,EMP-01642,Employee,None,Security,Security Supervisor,2,2.8,Current
1643,EMP-01643,Employee,None,Drilling,Drilling Supervisor,3,5.7,Current
1644,EMP-01644,Employee,None,Drilling,Assistant Driller,3,5.2,Current
1645,CTR-01645,Contractor,Coastal Logistics Ltd,Engineering,Electrical Engineer,5,5.1,Due within 30 days
1646,CTR-01646,Contractor,Integrated Drilling Services,Engineering,Reliability Engineer,3,20.8,Current
1647,EMP-01647,Employee,None,Laboratory,Laboratory Technician,2,3.6,Expired
1648,CTR-01648,Contractor,Prime Offshore Contractors,Engineering,Mechanical Engineer,3,3.2,Due within 30 days
1649,EMP-01649,Employee,None,Operations,Production Technician,3,7.3,Current
1650,EMP-01650,Employee,None,Drilling,Drilling Supervisor,1,1.2,Current
1651,CTR-01651,Contractor,Delta Industrial Services,HSE,Occupational Health Officer,3,2.2,Current
1652,EMP-01652,Employee,None,Engineering,Electrical Engineer,2,5.5,Current
1653,EMP-01653,Employee,None,Drilling,Assistant Driller,3,12.5,Incomplete
1654,EMP-01654,Employee,None,Marine,Marine Technician,2,3.9,Current
1655,EMP-01655,Employee,None,Marine,Crane Operator,4,8.0,Current
1656,CTR-01656,Contractor,WestCo Services Ltd,Projects,Construction Supervisor,3,9.7,Current
1657,CTR-01657,Contractor,SafeBuild Engineering,Security,Security Supervisor,2,7.9,Current
1658,CTR-01658,Contractor,Coastal Logistics Ltd,HSE,HSE Advisor,5,20.5,Expired
1659,CTR-01659,Contractor,Atlantic Marine Support,Operations,Production Technician,3,3.6,Current
1660,EMP-01660,Employee,None,Marine,Marine Technician,2,0.7,Current
1661,EMP-01661,Employee,None,Laboratory,Chemist,2,7.5,Current
1662,EMP-01662,Employee,None,Projects,QA/QC Inspector,4,2.3,Current
1663,CTR-01663,Contractor,Coastal Logistics Ltd,HSE,HSE Officer,4,18.3,Current
1664,EMP-01664,Employee,None,Marine,Deck Crew,2,4.3,Current
1665,EMP-01665,Employee,None,Projects,Project Engineer,3,3.8,Due within 30 days
1666,EMP-01666,Employee,None,Laboratory,Chemist,5,3.2,Current
1667,CTR-01667,Contractor,PetroMaint Solutions,Drilling,Roustabout,2,3.0,Due within 30 days
1668,CTR-01668,Contractor,Prime Offshore Contractors,Drilling,Drilling Supervisor,2,0.8,Expired
1669,EMP-01669,Employee,None,Engineering,Reliability Engineer,1,6.7,Current
1670,EMP-01670,Employee,None,Projects,Project Engineer,3,1.4,Current
1671,EMP-01671,Employee,None,Operations,Control Room Operator,2,2.9,Expired
1672,EMP-01672,Employee,None,Maintenance,Electrical Technician,3,2.1,Current
1673,EMP-01673,Employee,None,Logistics,Driver,2,6.6,Current
1674,CTR-01674,Contractor,Coastal Logistics Ltd,Security,Security Supervisor,3,5.0,Current
1675,CTR-01675,Contractor,WestCo Services Ltd,Drilling,Roustabout,2,6.4,Due within 30 days
1676,CTR-01676,Contractor,Prime Offshore Contractors,Logistics,Forklift Operator,1,4.1,Current
1677,EMP-01677,Employee,None,Maintenance,Instrument Technician,1,1.5,Current
1678,EMP-01678,Employee,None,Drilling,Derrickhand,2,2.1,Current
1679,CTR-01679,Contractor,WestCo Services Ltd,Maintenance,Maintenance Supervisor,4,11.2,Current
1680,EMP-01680,Employee,None,Marine,Crane Operator,1,10.3,Current
1681,CTR-01681,Contractor,Integrated Drilling Services,Marine,Deck Officer,3,5.3,Due within 30 days
1682,EMP-01682,Employee,None,Engineering,Reliability Engineer,2,6.5,Expired
1683,EMP-01683,Employee,None,Operations,Control Room Operator,2,17.7,Current
1684,EMP-01684,Employee,None,Drilling,Assistant Driller,2,0.9,Current
1685,EMP-01685,Employee,None,Maintenance,Mechanical Technician,2,2.7,Current
1686,CTR-01686,Contractor,WestCo Services Ltd,Operations,Operations Supervisor,3,5.5,Current
1687,EMP-01687,Employee,None,HSE,Environmental Officer,4,7.1,Current
1688,EMP-01688,Employee,None,Maintenance,Instrument Technician,3,3.9,Current
1689,CTR-01689,Contractor,Atlantic Marine Support,Marine,Marine Technician,3,4.4,Current
1690,CTR-01690,Contractor,Coastal Logistics Ltd,HSE,HSE Officer,3,4.1,Current
1691,CTR-01691,Contractor,Atlantic Marine Support,Laboratory,Chemist,3,3.0,Current
1692,CTR-01692,Contractor,Prime Offshore Contractors,Projects,QA/QC Inspector,3,8.5,Current
1693,EMP-01693,Employee,None,Operations,Operations Supervisor,3,3.0,Current
1694,EMP-01694,Employee,None,Projects,Project Engineer,2,2.6,Current
1695,CTR-01695,Contractor,Coastal Logistics Ltd,Logistics,Forklift Operator,2,4.6,Current
1696,EMP-01696,Employee,None,Operations,Production Technician,3,6.4,Current
1697,EMP-01697,Employee,None,Maintenance,Electrical Technician,2,4.7,Current
1698,EMP-01698,Employee,None,Maintenance,Instrument Technician,1,0.6,Current
1699,EMP-01699,Employee,None,Marine,Marine Supervisor,3,3.7,Incomplete
1700,CTR-01700,Contractor,Atlantic Marine Support,Operations,Production Technician,3,15.2,Current
1701,EMP-01701,Employee,None,Projects,Field Engineer,1,1.8,Current
1702,CTR-01702,Contractor,Delta Industrial Services,HSE,Occupational Health Officer,2,3.4,Current
1703,CTR-01703,Contractor,Coastal Logistics Ltd,Projects,QA/QC Inspector,2,4.6,Current
1704,EMP-01704,Employee,None,Maintenance,Electrical Technician,3,9.5,Current
1705,EMP-01705,Employee,None,Logistics,Forklift Operator,2,7.2,Due within 30 days
1706,CTR-01706,Contractor,Integrated Drilling Services,Logistics,Forklift Operator,3,11.2,Expired
1707,EMP-01707,Employee,None,Maintenance,Maintenance Supervisor,4,22.0,Current
1708,CTR-01708,Contractor,SafeBuild Engineering,Operations,Operations Supervisor,2,4.1,Current
1709,EMP-01709,Employee,None,Drilling,Assistant Driller,2,1.4,Current
1710,EMP-01710,Employee,None,HSE,HSE Officer,4,16.7,Current
1711,CTR-01711,Contractor,Prime Offshore Contractors,Laboratory,Sampling Technician,3,8.8,Expired
1712,CTR-01712,Contractor,Delta Industrial Services,HSE,Occupational Health Officer,2,6.5,Current
1713,EMP-01713,Employee,None,Security,Security Supervisor,3,5.3,Current
1714,EMP-01714,Employee,None,Drilling,Derrickhand,2,3.2,Current
1715,CTR-01715,Contractor,Prime Offshore Contractors,Laboratory,Sampling Technician,3,10.1,Incomplete
1716,CTR-01716,Contractor,Atlantic Marine Support,Drilling,Drilling Supervisor,2,4.9,Due within 30 days
1717,EMP-01717,Employee,None,Logistics,Logistics Coordinator,2,8.0,Current
1718,EMP-01718,Employee,None,Logistics,Warehouse Technician,2,14.7,Current
1719,EMP-01719,Employee,None,Logistics,Logistics Coordinator,1,1.0,Current
1720,CTR-01720,Contractor,PetroMaint Solutions,Operations,Production Technician,1,0.4,Due within 30 days
1721,EMP-01721,Employee,None,Drilling,Derrickhand,3,5.1,Current
1722,EMP-01722,Employee,None,Operations,Operations Supervisor,5,3.7,Current
1723,CTR-01723,Contractor,Prime Offshore Contractors,Marine,Crane Operator,4,14.8,Current
1724,CTR-01724,Contractor,WestCo Services Ltd,Security,Security Officer,1,1.1,Current
1725,CTR-01725,Contractor,WestCo Services Ltd,Engineering,Reliability Engineer,3,3.4,Current
1726,CTR-01726,Contractor,Delta Industrial Services,Laboratory,Laboratory Technician,2,4.7,Current
1727,EMP-01727,Employee,None,Security,Security Supervisor,2,2.3,Due within 30 days
1728,EMP-01728,Employee,None,Engineering,Reliability Engineer,5,9.2,Current
1729,EMP-01729,Employee,None,Drilling,Assistant Driller,2,10.0,Current
1730,EMP-01730,Employee,None,Projects,Field Engineer,2,4.6,Current
1731,EMP-01731,Employee,None,Maintenance,Maintenance Supervisor,3,15.5,Incomplete
1732,EMP-01732,Employee,None,Logistics,Driver,2,4.8,Current
1733,CTR-01733,Contractor,Atlantic Marine Support,Maintenance,Maintenance Supervisor,1,5.3,Current
1734,CTR-01734,Contractor,Atlantic Marine Support,Drilling,Derrickhand,3,9.0,Current
1735,EMP-01735,Employee,None,Marine,Marine Technician,2,2.4,Current
1736,CTR-01736,Contractor,SafeBuild Engineering,Marine,Crane Operator,2,5.5,Current
1737,EMP-01737,Employee,None,Engineering,Reliability Engineer,4,8.9,Current
1738,EMP-01738,Employee,None,Maintenance,Mechanical Technician,2,2.3,Current
1739,EMP-01739,Employee,None,Maintenance,Electrical Technician,2,3.2,Current
1740,EMP-01740,Employee,None,Projects,Project Engineer,2,7.9,Current
1741,CTR-01741,Contractor,Integrated Drilling Services,Maintenance,Instrument Technician,2,6.8,Current
1742,CTR-01742,Contractor,WestCo Services Ltd,HSE,Occupational Health Officer,2,4.7,Current
1743,CTR-01743,Contractor,Atlantic Marine Support,Projects,Project Engineer,3,6.2,Current
1744,CTR-01744,Contractor,Prime Offshore Contractors,Security,Security Supervisor,2,6.9,Current
1745,CTR-01745,Contractor,SafeBuild Engineering,Engineering,Mechanical Engineer,3,3.2,Current
1746,EMP-01746,Employee,None,Marine,Deck Officer,3,4.1,Current
1747,CTR-01747,Contractor,Integrated Drilling Services,Logistics,Logistics Coordinator,3,8.5,Current
1748,CTR-01748,Contractor,PetroMaint Solutions,Maintenance,Instrument Technician,2,3.8,Expired
1749,EMP-01749,Employee,None,Operations,Production Technician,2,3.6,Current
1750,EMP-01750,Employee,None,Laboratory,Laboratory Technician,2,2.2,Current
1751,EMP-01751,Employee,None,Security,Security Officer,2,6.0,Due within 30 days
1752,CTR-01752,Contractor,Integrated Drilling Services,Operations,Production Technician,2,5.4,Current
1753,CTR-01753,Contractor,Coastal Logistics Ltd,Drilling,Roustabout,3,9.3,Current
1754,EMP-01754,Employee,None,Marine,Marine Supervisor,3,8.4,Current
1755,EMP-01755,Employee,None,Operations,Production Technician,3,2.3,Due within 30 days
1756,CTR-01756,Contractor,WestCo Services Ltd,Operations,Control Room Operator,2,3.9,Due within 30 days
1757,EMP-01757,Employee,None,Projects,Construction Supervisor,3,3.8,Current
1758,EMP-01758,Employee,None,Projects,Construction Supervisor,2,9.7,Current
1759,EMP-01759,Employee,None,Logistics,Warehouse Technician,2,2.4,Incomplete
1760,EMP-01760,Employee,None,Maintenance,Instrument Technician,2,7.5,Current
1761,CTR-01761,Contractor,Delta Industrial Services,Marine,Marine Supervisor,4,6.0,Current
1762,EMP-01762,Employee,None,HSE,Occupational Health Officer,4,20.8,Due within 30 days
1763,EMP-01763,Employee,None,Maintenance,Instrument Technician,3,7.2,Current
1764,CTR-01764,Contractor,Coastal Logistics Ltd,Engineering,Mechanical Engineer,2,11.0,Due within 30 days
1765,CTR-01765,Contractor,Delta Industrial Services,Maintenance,Maintenance Supervisor,2,4.1,Current
1766,EMP-01766,Employee,None,Logistics,Warehouse Technician,3,5.7,Current
1767,EMP-01767,Employee,None,Laboratory,Sampling Technician,2,5.2,Current
1768,EMP-01768,Employee,None,Laboratory,Chemist,2,2.5,Current
1769,CTR-01769,Contractor,Prime Offshore Contractors,Security,Security Officer,3,8.4,Current
1770,CTR-01770,Contractor,Delta Industrial Services,Operations,Process Operator,4,6.9,Current
1771,EMP-01771,Employee,None,Logistics,Driver,1,1.3,Due within 30 days
1772,CTR-01772,Contractor,Integrated Drilling Services,HSE,Environmental Officer,1,6.8,Current
1773,EMP-01773,Employee,None,Operations,Production Technician,3,11.8,Current
1774,CTR-01774,Contractor,Prime Offshore Contractors,HSE,HSE Officer,1,5.0,Current
1775,EMP-01775,Employee,None,Logistics,Driver,2,5.3,Current
1776,EMP-01776,Employee,None,Laboratory,Sampling Technician,2,3.5,Current
1777,EMP-01777,Employee,None,Engineering,Mechanical Engineer,3,2.0,Current
1778,EMP-01778,Employee,None,Drilling,Assistant Driller,2,5.0,Incomplete
1779,EMP-01779,Employee,None,Logistics,Forklift Operator,3,15.0,Current
1780,CTR-01780,Contractor,SafeBuild Engineering,Operations,Control Room Operator,3,4.7,Current
1781,EMP-01781,Employee,None,HSE,HSE Advisor,3,7.7,Current
1782,CTR-01782,Contractor,SafeBuild Engineering,Security,Security Supervisor,1,1.5,Expired
1783,EMP-01783,Employee,None,Drilling,Driller,3,4.5,Due within 30 days
1784,CTR-01784,Contractor,Atlantic Marine Support,Maintenance,Instrument Technician,3,11.4,Due within 30 days
1785,EMP-01785,Employee,None,Maintenance,Mechanical Technician,2,1.9,Current
1786,CTR-01786,Contractor,PetroMaint Solutions,Logistics,Warehouse Technician,2,9.4,Current
1787,EMP-01787,Employee,None,Marine,Deck Officer,4,4.6,Current
1788,EMP-01788,Employee,None,Marine,Deck Crew,2,5.2,Current
1789,EMP-01789,Employee,None,Laboratory,Laboratory Technician,3,6.2,Expired
1790,EMP-01790,Employee,None,Drilling,Derrickhand,3,15.1,Due within 30 days
1791,CTR-01791,Contractor,Delta Industrial Services,Logistics,Forklift Operator,4,17.7,Due within 30 days
1792,CTR-01792,Contractor,Coastal Logistics Ltd,Maintenance,Mechanical Technician,1,3.0,Current
1793,EMP-01793,Employee,None,Drilling,Derrickhand,2,2.9,Incomplete
1794,CTR-01794,Contractor,Delta Industrial Services,Marine,Crane Operator,2,3.8,Due within 30 days
1795,EMP-01795,Employee,None,Laboratory,Chemist,1,1.1,Current
1796,EMP-01796,Employee,None,Projects,QA/QC Inspector,4,2.9,Current
1797,CTR-01797,Contractor,Prime Offshore Contractors,Operations,Operations Supervisor,2,1.3,Current
1798,EMP-01798,Employee,None,Laboratory,Sampling Technician,1,1.9,Current
1799,CTR-01799,Contractor,Integrated Drilling Services,Security,Security Supervisor,3,4.0,Current
1800,CTR-01800,Contractor,WestCo Services Ltd,Projects,Field Engineer,4,16.4,Current
1801,EMP-01801,Employee,None,Operations,Production Technician,5,9.4,Current
1802,CTR-01802,Contractor,Delta Industrial Services,Marine,Deck Crew,3,8.5,Expired
1803,CTR-01803,Contractor,SafeBuild Engineering,HSE,HSE Officer,2,6.7,Current
1804,EMP-01804,Employee,None,Security,Security Supervisor,4,9.8,Current
1805,CTR-01805,Contractor,Delta Industrial Services,Drilling,Derrickhand,2,7.5,Current
1806,EMP-01806,Employee,None,Maintenance,Maintenance Supervisor,2,9.7,Current
1807,EMP-01807,Employee,None,Security,Security Supervisor,3,11.0,Due within 30 days
1808,EMP-01808,Employee,None,Marine,Crane Operator,2,0.7,Current
1809,CTR-01809,Contractor,Prime Offshore Contractors,Security,Security Supervisor,2,3.0,Expired
1810,EMP-01810,Employee,None,Operations,Production Technician,3,5.1,Due within 30 days
1811,EMP-01811,Employee,None,HSE,HSE Officer,2,2.9,Due within 30 days
1812,EMP-01812,Employee,None,Engineering,Process Engineer,3,2.7,Current
1813,CTR-01813,Contractor,PetroMaint Solutions,Operations,Process Operator,2,1.5,Current
1814,EMP-01814,Employee,None,Projects,Project Engineer,4,9.1,Current
1815,EMP-01815,Employee,None,Projects,Project Engineer,3,9.5,Current
1816,EMP-01816,Employee,None,Security,Security Supervisor,3,3.4,Current
1817,CTR-01817,Contractor,Delta Industrial Services,Logistics,Driver,3,8.1,Current
1818,CTR-01818,Contractor,Prime Offshore Contractors,HSE,Environmental Officer,3,3.1,Due within 30 days
1819,CTR-01819,Contractor,Prime Offshore Contractors,Logistics,Forklift Operator,2,11.0,Current
1820,EMP-01820,Employee,None,HSE,Environmental Officer,3,10.3,Incomplete
1821,EMP-01821,Employee,None,Operations,Control Room Operator,2,9.6,Current
1822,EMP-01822,Employee,None,Drilling,Driller,4,5.5,Current
1823,EMP-01823,Employee,None,Operations,Operations Supervisor,4,4.7,Current
1824,CTR-01824,Contractor,Prime Offshore Contractors,Operations,Operations Supervisor,3,17.7,Current
1825,CTR-01825,Contractor,Integrated Drilling Services,Operations,Operations Supervisor,3,7.0,Incomplete
1826,EMP-01826,Employee,None,Drilling,Roustabout,1,1.1,Current
1827,EMP-01827,Employee,None,Projects,Field Engineer,3,9.6,Current
1828,EMP-01828,Employee,None,Marine,Deck Officer,3,11.3,Current
1829,CTR-01829,Contractor,WestCo Services Ltd,HSE,Occupational Health Officer,3,9.6,Current
1830,EMP-01830,Employee,None,Maintenance,Instrument Technician,4,20.4,Current
1831,CTR-01831,Contractor,SafeBuild Engineering,Marine,Crane Operator,2,3.6,Current
1832,EMP-01832,Employee,None,Maintenance,Electrical Technician,2,4.0,Due within 30 days
1833,EMP-01833,Employee,None,Drilling,Derrickhand,2,3.1,Current
1834,EMP-01834,Employee,None,Security,Security Supervisor,1,5.5,Due within 30 days
1835,CTR-01835,Contractor,WestCo Services Ltd,Operations,Process Operator,4,10.9,Current
1836,CTR-01836,Contractor,SafeBuild Engineering,Operations,Operations Supervisor,3,6.0,Due within 30 days
1837,EMP-01837,Employee,None,Security,Security Officer,3,7.5,Current
1838,EMP-01838,Employee,None,Maintenance,Instrument Technician,2,6.3,Incomplete
1839,EMP-01839,Employee,None,Laboratory,Chemist,3,2.3,Current
1840,EMP-01840,Employee,None,Operations,Operations Supervisor,5,24.5,Current
1841,CTR-01841,Contractor,PetroMaint Solutions,Projects,Field Engineer,3,11.1,Current
1842,EMP-01842,Employee,None,HSE,HSE Officer,3,4.2,Current
1843,EMP-01843,Employee,None,Maintenance,Mechanical Technician,3,9.6,Expired
1844,EMP-01844,Employee,None,Maintenance,Electrical Technician,5,24.9,Current
1845,EMP-01845,Employee,None,Engineering,Electrical Engineer,1,0.9,Due within 30 days
1846,CTR-01846,Contractor,Coastal Logistics Ltd,Drilling,Drilling Supervisor,3,6.9,Current
1847,EMP-01847,Employee,None,Projects,QA/QC Inspector,2,2.7,Current
1848,EMP-01848,Employee,None,Projects,Field Engineer,2,17.1,Current
1849,CTR-01849,Contractor,Delta Industrial Services,Maintenance,Mechanical Technician,1,1.8,Current
1850,CTR-01850,Contractor,Delta Industrial Services,Marine,Crane Operator,2,4.7,Current
1851,EMP-01851,Employee,None,Laboratory,Laboratory Technician,1,0.5,Current
1852,EMP-01852,Employee,None,Maintenance,Electrical Technician,1,4.1,Current
1853,EMP-01853,Employee,None,Maintenance,Mechanical Technician,3,8.0,Due within 30 days
1854,EMP-01854,Employee,None,Logistics,Warehouse Technician,4,7.8,Current
1855,EMP-01855,Employee,None,HSE,Occupational Health Officer,2,2.4,Current
1856,EMP-01856,Employee,None,Laboratory,Sampling Technician,3,13.2,Current
1857,EMP-01857,Employee,None,LOGISTICS,Warehouse Technician,2,4.4,Current
1858,EMP-01858,Employee,None,HSE,HSE Advisor,2,1.9,Current
1859,CTR-01859,Contractor,Prime Offshore Contractors,Projects,QA/QC Inspector,2,7.2,Incomplete
1860,CTR-01860,Contractor,Delta Industrial Services,Marine,Marine Supervisor,3,3.1,Expired
1861,EMP-01861,Employee,None,Operations,Production Technician,1,7.1,Incomplete
1862,EMP-01862,Employee,None,Projects,Construction Supervisor,2,6.6,Expired
1863,CTR-01863,Contractor,Delta Industrial Services,Laboratory,Sampling Technician,2,4.3,Current
1864,EMP-01864,Employee,None,Drilling,Derrickhand,2,6.9,Current
1865,EMP-01865,Employee,None,Security,Security Supervisor,2,4.2,Current
1866,EMP-01866,Employee,None,HSE,Environmental Officer,3,10.1,Incomplete
1867,CTR-01867,Contractor,SafeBuild Engineering,Security,Security Supervisor,4,22.4,Current
1868,CTR-01868,Contractor,Delta Industrial Services,HSE,Environmental Officer,2,5.6,Due within 30 days
1869,EMP-01869,Employee,None,HSE,Occupational Health Officer,3,8.8,Current
1870,EMP-01870,Employee,None,Projects,Field Engineer,2,0.2,Current
1871,CTR-01871,Contractor,Integrated Drilling Services,Operations,Control Room Operator,3,6.9,Expired
1872,CTR-01872,Contractor,Integrated Drilling Services,Laboratory,Chemist,3,14.4,Current
1873,EMP-01873,Employee,None,Security,Security Supervisor,3,3.1,Due within 30 days
1874,EMP-01874,Employee,None,Logistics,Forklift Operator,3,6.1,Due within 30 days
1875,EMP-01875,Employee,None,Drilling,Roustabout,2,3.6,Current
1876,CTR-01876,Contractor,PetroMaint Solutions,Drilling,Roustabout,2,6.4,Due within 30 days
1877,EMP-01877,Employee,None,HSE,Environmental Officer,2,2.3,Current
1878,EMP-01878,Employee,None,Drilling,Assistant Driller,4,14.2,Current
1879,CTR-01879,Contractor,Atlantic Marine Support,Engineering,Electrical Engineer,4,10.8,Current
1880,EMP-01880,Employee,None,Maintenance,Mechanical Technician,4,8.7,Due within 30 days
1881,CTR-01881,Contractor,PetroMaint Solutions,Marine,Deck Officer,3,6.9,Current
1882,CTR-01882,Contractor,PetroMaint Solutions,Projects,Field Engineer,2,5.7,Current
1883,EMP-01883,Employee,None,Maintenance,Instrument Technician,3,2.2,Current
1884,EMP-01884,Employee,None,Projects,Field Engineer,5,21.3,Expired
1885,EMP-01885,Employee,None,Logistics,Logistics Coordinator,4,8.4,Due within 30 days
1886,EMP-01886,Employee,None,Marine,Crane Operator,4,8.2,Current
1887,CTR-01887,Contractor,Prime Offshore Contractors,HSE,Environmental Officer,4,8.5,Current
1888,EMP-01888,Employee,None,Maintenance,Electrical Technician,3,12.5,Current
1889,EMP-01889,Employee,None,HSE,Environmental Officer,3,2.1,Expired
1890,CTR-01890,Contractor,WestCo Services Ltd,Security,Security Officer,2,9.6,Current
1891,EMP-01891,Employee,None,Laboratory,Sampling Technician,2,7.0,Current
1892,EMP-01892,Employee,None,Logistics,Forklift Operator,3,2.7,Current
1893,EMP-01893,Employee,None,Projects,Construction Supervisor,3,2.1,Current
1894,CTR-01894,Contractor,Coastal Logistics Ltd,Security,Security Officer,2,1.0,Current
1895,EMP-01895,Employee,None,Security,Security Officer,2,7.9,Current
1896,EMP-01896,Employee,None,Drilling,Driller,3,5.7,Current
1897,EMP-01897,Employee,None,Security,Security Supervisor,3,4.4,Current
1898,CTR-01898,Contractor,Atlantic Marine Support,Maintenance,Mechanical Technician,2,6.7,Current
1899,EMP-01899,Employee,None,LOGISTICS,Forklift Operator,2,5.1,Due within 30 days
1900,CTR-01900,Contractor,Coastal Logistics Ltd,Operations,Process Operator,2,1.8,Current
1901,EMP-01901,Employee,None,Logistics,Forklift Operator,1,4.6,Current
1902,EMP-01902,Employee,None,Logistics,Logistics Coordinator,3,4.8,Expired
1903,EMP-01903,Employee,None,Operations,Operations Supervisor,3,0.3,Due within 30 days
1904,EMP-01904,Employee,None,Security,Security Officer,2,4.5,Current
1905,CTR-01905,Contractor,PetroMaint Solutions,Projects,QA/QC Inspector,3,2.3,Current
1906,CTR-01906,Contractor,Delta Industrial Services,HSE,HSE Officer,2,7.9,Current
1907,EMP-01907,Employee,None,Laboratory,Laboratory Technician,3,2.3,Current
1908,EMP-01908,Employee,None,Marine,Deck Crew,2,6.3,Current
1909,EMP-01909,Employee,None,Marine,Marine Technician,3,6.0,Current
1910,EMP-01910,Employee,None,Laboratory,Chemist,2,3.4,Current
1911,EMP-01911,Employee,None,Maintenance,Electrical Technician,2,7.7,Current
1912,EMP-01912,Employee,None,Engineering,Electrical Engineer,4,10.4,Current
1913,EMP-01913,Employee,None,Marine,Deck Crew,4,16.4,Current
1914,EMP-01914,Employee,None,Drilling,Drilling Supervisor,1,1.9,Current
1915,EMP-01915,Employee,None,Laboratory,Laboratory Technician,3,8.9,Current
1916,EMP-01916,Employee,None,HSE,Occupational Health Officer,2,3.2,Current
1917,EMP-01917,Employee,None,Operations,Production Technician,2,7.3,Current
1918,EMP-01918,Employee,None,Security,Security Supervisor,3,11.0,Incomplete
1919,CTR-01919,Contractor,PetroMaint Solutions,HSE,HSE Advisor,2,2.2,Current
1920,CTR-01920,Contractor,Delta Industrial Services,Marine,Deck Crew,3,20.1,Current
1921,EMP-01921,Employee,None,Projects,Project Engineer,4,3.9,Current
1922,CTR-01922,Contractor,SafeBuild Engineering,Drilling,Assistant Driller,3,2.0,Current
1923,CTR-01923,Contractor,Prime Offshore Contractors,Projects,Field Engineer,3,3.1,Due within 30 days
1924,CTR-01924,Contractor,Atlantic Marine Support,HSE,HSE Advisor,4,10.0,Current
1925,EMP-01925,Employee,None,Laboratory,Laboratory Technician,2,5.1,Incomplete
1926,EMP-01926,Employee,None,Operations,Operations Supervisor,2,1.5,Current
1927,EMP-01927,Employee,None,Security,Security Officer,2,3.1,Due within 30 days
1928,CTR-01928,Contractor,Delta Industrial Services,Maintenance,Maintenance Supervisor,5,18.2,Current
1929,EMP-01929,Employee,None,Operations,Process Operator,2,3.8,Current
1930,EMP-01930,Employee,None,Operations,Operations Supervisor,2,10.9,Current
1931,CTR-01931,Contractor,SafeBuild Engineering,Operations,Process Operator,2,7.4,Current
1932,EMP-01932,Employee,None,Marine,Deck Officer,3,3.9,Current
1933,EMP-01933,Employee,None,Security,Security Supervisor,4,8.2,Due within 30 days
1934,EMP-01934,Employee,None,Security,Security Supervisor,1,2.7,Current
1935,EMP-01935,Employee,None,Engineering,Mechanical Engineer,2,2.0,Current
1936,EMP-01936,Employee,None,Operations,Production Technician,2,3.2,Expired
1937,CTR-01937,Contractor,Prime Offshore Contractors,Laboratory,Laboratory Technician,2,4.7,Due within 30 days
1938,CTR-01938,Contractor,Delta Industrial Services,Operations,Process Operator,2,5.0,Due within 30 days
1939,EMP-01939,Employee,None,Marine,Marine Technician,3,11.2,Current
1940,EMP-01940,Employee,None,Drilling,Roustabout,2,1.4,Current
1941,CTR-01941,Contractor,PetroMaint Solutions,Security,Security Supervisor,3,4.6,Due within 30 days
1942,EMP-01942,Employee,None,Security,Security Officer,2,10.0,Expired
1943,CTR-01943,Contractor,PetroMaint Solutions,Operations,Operations Supervisor,2,0.3,Current
1944,CTR-01944,Contractor,Prime Offshore Contractors,Logistics,Driver,2,7.5,Expired
1945,EMP-01945,Employee,None,Projects,Construction Supervisor,3,4.3,Due within 30 days
1946,EMP-01946,Employee,None,Marine,Marine Supervisor,3,7.3,Current
1947,EMP-01947,Employee,None,Drilling,Roustabout,3,3.5,Current
1948,EMP-01948,Employee,None,Marine,Deck Officer,2,4.9,Due within 30 days
1949,EMP-01949,Employee,None,Engineering,Process Engineer,2,3.4,Current
1950,CTR-01950,Contractor,Coastal Logistics Ltd,Engineering,Process Engineer,2,4.3,Due within 30 days
1951,EMP-01951,Employee,None,Security,Security Officer,3,2.3,Current
1952,CTR-01952,Contractor,Coastal Logistics Ltd,Engineering,Electrical Engineer,2,6.4,Current
1953,EMP-01953,Employee,None,Projects,Project Engineer,3,7.1,Current
1954,CTR-01954,Contractor,Prime Offshore Contractors,Logistics,Logistics Coordinator,4,12.1,Current
1955,CTR-01955,Contractor,Atlantic Marine Support,Projects,Field Engineer,3,4.1,Due within 30 days
1956,EMP-01956,Employee,None,Laboratory,Chemist,2,3.7,Current
1957,EMP-01957,Employee,None,Operations,Control Room Operator,4,20.1,Current
1958,EMP-01958,Employee,None,Security,Security Supervisor,2,3.9,Current
1959,CTR-01959,Contractor,Atlantic Marine Support,Security,Security Officer,5,21.4,Current
1960,CTR-01960,Contractor,SafeBuild Engineering,Drilling,Assistant Driller,2,2.4,Due within 30 days
1961,CTR-01961,Contractor,Integrated Drilling Services,Logistics,Warehouse Technician,2,11.5,Current
1962,CTR-01962,Contractor,Delta Industrial Services,Engineering,Process Engineer,1,0.7,Current
1963,EMP-01963,Employee,None,Security,Security Officer,3,3.2,Expired
1964,CTR-01964,Contractor,PetroMaint Solutions,HSE,HSE Officer,4,9.3,Current
1965,EMP-01965,Employee,None,Logistics,Warehouse Technician,5,1.8,Current
1966,EMP-01966,Employee,None,HSE,HSE Advisor,4,9.0,Due within 30 days
1967,EMP-01967,Employee,None,HSE,HSE Officer,2,3.0,Due within 30 days
1968,CTR-01968,Contractor,Atlantic Marine Support,Maintenance,Electrical Technician,4,11.0,Incomplete
1969,CTR-01969,Contractor,PetroMaint Solutions,Drilling,Drilling Supervisor,5,3.6,Current
1970,EMP-01970,Employee,None,Marine,Marine Technician,1,3.0,Current
1971,CTR-01971,Contractor,Coastal Logistics Ltd,Marine,Marine Technician,4,13.5,Current
1972,EMP-01972,Employee,None,Security,Security Officer,2,4.4,Due within 30 days
1973,EMP-01973,Employee,None,Logistics,Driver,3,8.5,Current
1974,EMP-01974,Employee,None,Operations,Production Technician,1,1.2,Current
1975,CTR-01975,Contractor,PetroMaint Solutions,Operations,Operations Supervisor,3,10.4,Current
1976,EMP-01976,Employee,None,Operations,Process Operator,3,12.4,Expired
1977,CTR-01977,Contractor,Coastal Logistics Ltd,Logistics,Logistics Coordinator,3,3.5,Current
1978,CTR-01978,Contractor,PetroMaint Solutions,Laboratory,Chemist,3,10.2,Due within 30 days
1979,CTR-01979,Contractor,Coastal Logistics Ltd,Security,Security Supervisor,2,5.3,Due within 30 days
1980,EMP-01980,Employee,None,Projects,QA/QC Inspector,2,4.2,Current
1981,CTR-01981,Contractor,Atlantic Marine Support,HSE,Environmental Officer,4,11.4,Current
1982,CTR-01982,Contractor,WestCo Services Ltd,Projects,QA/QC Inspector,3,11.8,Current
1983,EMP-01983,Employee,None,Drilling,Derrickhand,3,10.6,Current
1984,EMP-01984,Employee,None,Security,Security Officer,3,3.0,Current
1985,CTR-01985,Contractor,Delta Industrial Services,Projects,Construction Supervisor,3,2.1,Current
1986,EMP-01986,Employee,None,Logistics,Warehouse Technician,2,3.5,Current
1987,EMP-01987,Employee,None,Security,Security Supervisor,3,5.2,Current
1988,CTR-01988,Contractor,SafeBuild Engineering,Logistics,Driver,1,1.4,Current
1989,EMP-01989,Employee,None,Logistics,Driver,2,5.8,Due within 30 days
1990,EMP-01990,Employee,None,Security,Security Supervisor,2,3.7,Incomplete
1991,EMP-01991,Employee,None,Projects,Construction Supervisor,1,1.4,Current
1992,EMP-01992,Employee,None,Marine,Deck Officer,2,1.5,Current
1993,EMP-01993,Employee,None,Drilling,Derrickhand,4,6.0,Due within 30 days
1994,CTR-01994,Contractor,Integrated Drilling Services,Logistics,Forklift Operator,3,3.7,Due within 30 days
1995,EMP-01995,Employee,None,Projects,QA/QC Inspector,4,6.1,Current
1996,EMP-01996,Employee,None,Logistics,Warehouse Technician,3,2.1,Current
1997,CTR-01997,Contractor,Prime Offshore Contractors,Projects,Construction Supervisor,3,9.5,Due within 30 days
1998,EMP-01998,Employee,None,Drilling,Derrickhand,5,8.0,Incomplete
1999,CTR-01999,Contractor,Prime Offshore Contractors,Operations,Control Room Operator,4,1.4,Current
2000,EMP-02000,Employee,None,Marine,Deck Officer,2,3.5,Incomplete
2001,EMP-02001,Employee,None,Engineering,Mechanical Engineer,2,2.8,Current
2002,CTR-02002,Contractor,Integrated Drilling Services,Engineering,Electrical Engineer,2,2.6,Current
2003,CTR-02003,Contractor,PetroMaint Solutions,Laboratory,Chemist,3,9.9,Current
2004,CTR-02004,Contractor,Prime Offshore Contractors,Drilling,Drilling Supervisor,2,4.7,Current
2005,EMP-02005,Employee,None,Maintenance,Mechanical Technician,4,8.6,Current
2006,CTR-02006,Contractor,Delta Industrial Services,Projects,QA/QC Inspector,2,7.3,Current
2007,CTR-02007,Contractor,Coastal Logistics Ltd,Drilling,Assistant Driller,2,4.4,Incomplete
2008,CTR-02008,Contractor,WestCo Services Ltd,HSE,Occupational Health Officer,2,3.5,Incomplete
2009,CTR-02009,Contractor,SafeBuild Engineering,Maintenance,Instrument Technician,2,9.2,Current
2010,EMP-02010,Employee,None,Operations,Control Room Operator,3,5.4,Current
2011,CTR-02011,Contractor,Delta Industrial Services,Maintenance,Electrical Technician,3,1.0,Current
2012,EMP-02012,Employee,None,Projects,Project Engineer,2,2.4,Current
2013,CTR-02013,Contractor,Coastal Logistics Ltd,Security,Security Officer,4,18.9,Current
2014,CTR-02014,Contractor,Integrated Drilling Services,Maintenance,Instrument Technician,2,16.7,Current
2015,EMP-02015,Employee,None,Operations,Production Technician,3,10.6,Current
2016,EMP-02016,Employee,None,HSE,HSE Advisor,3,9.7,Expired
2017,CTR-02017,Contractor,SafeBuild Engineering,HSE,Occupational Health Officer,2,8.2,Current
2018,EMP-02018,Employee,None,Projects,Project Engineer,2,3.5,Due within 30 days
2019,EMP-02019,Employee,None,Maintenance,Electrical Technician,5,15.6,Current
2020,EMP-02020,Employee,None,Security,Security Supervisor,4,4.7,Expired
2021,EMP-02021,Employee,None,Engineering,Reliability Engineer,1,1.0,Expired
2022,EMP-02022,Employee,None,Drilling,Roustabout,2,1.3,Current
2023,EMP-02023,Employee,None,Laboratory,Laboratory Technician,1,5.3,Current
2024,EMP-02024,Employee,None,Marine,Deck Crew,5,12.1,Expired
2025,EMP-02025,Employee,None,HSE,HSE Officer,2,2.7,Due within 30 days
2026,CTR-02026,Contractor,Delta Industrial Services,Marine,Marine Supervisor,3,13.2,Current
2027,CTR-02027,Contractor,Delta Industrial Services,Marine,Deck Officer,3,14.8,Current
2028,EMP-02028,Employee,None,Operations,Control Room Operator,2,0.2,Expired
2029,EMP-02029,Employee,None,Drilling,Driller,1,3.9,Current
2030,EMP-02030,Employee,None,Operations,Operations Supervisor,2,13.3,Current
2031,CTR-02031,Contractor,Atlantic Marine Support,Security,Security Supervisor,4,9.4,Expired
2032,EMP-02032,Employee,None,Projects,QA/QC Inspector,2,3.8,Current
2033,CTR-02033,Contractor,Delta Industrial Services,HSE,HSE Advisor,2,4.5,Current
2034,CTR-02034,Contractor,Prime Offshore Contractors,HSE,HSE Advisor,2,7.2,Due within 30 days
2035,EMP-02035,Employee,None,Logistics,Forklift Operator,1,2.8,Expired
2036,EMP-02036,Employee,None,Logistics,Forklift Operator,3,6.0,Current
2037,CTR-02037,Contractor,Coastal Logistics Ltd,Logistics,Forklift Operator,3,4.3,Current
2038,CTR-02038,Contractor,Prime Offshore Contractors,Logistics,Warehouse Technician,2,2.5,Current
2039,EMP-02039,Employee,None,Drilling,Derrickhand,2,5.6,Current
2040,EMP-02040,Employee,None,Marine,Marine Technician,2,4.4,Due within 30 days
2041,CTR-02041,Contractor,Delta Industrial Services,Projects,Project Engineer,2,5.3,Current
2042,CTR-02042,Contractor,PetroMaint Solutions,Operations,Production Technician,3,12.5,Current
2043,CTR-02043,Contractor,Coastal Logistics Ltd,HSE,Occupational Health Officer,2,3.5,Current
2044,EMP-02044,Employee,None,Marine,Deck Officer,4,2.6,Current
2045,CTR-02045,Contractor,WestCo Services Ltd,Operations,Control Room Operator,3,13.9,Current
2046,CTR-02046,Contractor,Coastal Logistics Ltd,Laboratory,Laboratory Technician,4,4.8,Current
2047,EMP-02047,Employee,None,Operations,Production Technician,2,4.6,Current
2048,EMP-02048,Employee,None,Marine,Crane Operator,2,4.1,Current
2049,EMP-02049,Employee,None,Operations,Process Operator,4,15.1,Due within 30 days
2050,CTR-02050,Contractor,PetroMaint Solutions,Laboratory,Laboratory Technician,5,8.6,Due within 30 days
2051,EMP-02051,Employee,None,Marine,Marine Technician,3,9.6,Current
2052,CTR-02052,Contractor,Coastal Logistics Ltd,Logistics,Forklift Operator,3,9.7,Incomplete
2053,CTR-02053,Contractor,Delta Industrial Services,Operations,Control Room Operator,3,4.9,Expired
2054,CTR-02054,Contractor,Delta Industrial Services,Engineering,Mechanical Engineer,3,9.1,Current
2055,EMP-02055,Employee,None,Logistics,Forklift Operator,4,10.7,Current
2056,EMP-02056,Employee,None,Projects,Field Engineer,2,7.2,Due within 30 days
2057,CTR-02057,Contractor,Integrated Drilling Services,Laboratory,Chemist,4,10.2,Current
2058,EMP-02058,Employee,None,Logistics,Warehouse Technician,3,2.1,Incomplete
2059,CTR-02059,Contractor,PetroMaint Solutions,Logistics,Forklift Operator,3,1.6,Current
2060,CTR-02060,Contractor,SafeBuild Engineering,Logistics,Warehouse Technician,3,12.2,Current
2061,CTR-02061,Contractor,PetroMaint Solutions,Projects,QA/QC Inspector,2,0.5,Due within 30 days
2062,EMP-02062,Employee,None,Engineering,Mechanical Engineer,2,8.3,Due within 30 days
2063,CTR-02063,Contractor,Atlantic Marine Support,Logistics,Driver,3,5.9,Current
2064,EMP-02064,Employee,None,Operations,Production Technician,3,2.5,Current
2065,EMP-02065,Employee,None,Maintenance,Electrical Technician,2,3.4,Current
2066,EMP-02066,Employee,None,Projects,Construction Supervisor,4,12.4,Current
2067,EMP-02067,Employee,None,Maintenance,Instrument Technician,2,3.7,Current
2068,EMP-02068,Employee,None,Drilling,Drilling Supervisor,2,3.3,Current
2069,EMP-02069,Employee,None,Laboratory,Chemist,3,16.8,Current
2070,EMP-02070,Employee,None,Engineering,Reliability Engineer,3,10.6,Expired
2071,EMP-02071,Employee,None,Security,Security Supervisor,3,1.7,Current
2072,EMP-02072,Employee,None,Maintenance,Electrical Technician,2,1.7,Current
2073,EMP-02073,Employee,None,HSE,Occupational Health Officer,2,0.5,Current
2074,EMP-02074,Employee,None,Operations,Control Room Operator,2,9.1,Current
2075,EMP-02075,Employee,None,Operations,Process Operator,4,27.5,Current
2076,CTR-02076,Contractor,Integrated Drilling Services,Laboratory,Laboratory Technician,3,8.4,Expired
2077,CTR-02077,Contractor,Coastal Logistics Ltd,Logistics,Driver,4,3.3,Current
2078,EMP-02078,Employee,None,Projects,Construction Supervisor,2,1.8,Current
2079,CTR-02079,Contractor,Coastal Logistics Ltd,Security,Security Supervisor,2,1.5,Current
2080,EMP-02080,Employee,None,Marine,Crane Operator,2,5.9,Current
2081,EMP-02081,Employee,None,Marine,Crane Operator,3,5.1,Current
2082,EMP-02082,Employee,None,Drilling,Assistant Driller,3,4.5,Incomplete
2083,CTR-02083,Contractor,Prime Offshore Contractors,Operations,Process Operator,3,3.4,Current
2084,EMP-02084,Employee,None,Marine,Crane Operator,4,6.1,Due within 30 days
2085,EMP-02085,Employee,None,Projects,Construction Supervisor,2,8.2,Expired
2086,EMP-02086,Employee,None,Operations,Production Technician,1,1.2,Current
2087,CTR-02087,Contractor,Coastal Logistics Ltd,Marine,Deck Crew,2,6.4,Current
2088,CTR-02088,Contractor,PetroMaint Solutions,Laboratory,Sampling Technician,2,5.9,Expired
2089,CTR-02089,Contractor,Coastal Logistics Ltd,HSE,Environmental Officer,3,4.0,Current
2090,EMP-02090,Employee,None,Marine,Deck Officer,3,14.8,Current
2091,CTR-02091,Contractor,Delta Industrial Services,Operations,Operations Supervisor,1,1.6,Current
2092,EMP-02092,Employee,None,Engineering,Electrical Engineer,2,6.6,Current
2093,CTR-02093,Contractor,Prime Offshore Contractors,Engineering,Mechanical Engineer,1,1.0,Current
2094,EMP-02094,Employee,None,Marine,Crane Operator,3,14.7,Expired
2095,EMP-02095,Employee,None,Engineering,Mechanical Engineer,2,4.6,Due within 30 days
2096,EMP-02096,Employee,None,Marine,Marine Technician,2,2.0,Current
2097,CTR-02097,Contractor,Integrated Drilling Services,Logistics,Forklift Operator,2,2.6,Current
2098,EMP-02098,Employee,None,Marine,Deck Crew,1,1.4,Expired
2099,EMP-02099,Employee,None,Logistics,Driver,2,13.9,Current
2100,EMP-02100,Employee,None,Drilling,Roustabout,5,2.3,Current
2101,EMP-02101,Employee,None,Logistics,Logistics Coordinator,2,15.7,Current
2102,CTR-02102,Contractor,PetroMaint Solutions,Marine,Deck Officer,3,4.9,Current
2103,CTR-02103,Contractor,Atlantic Marine Support,Marine,Crane Operator,4,8.2,Current
2104,EMP-02104,Employee,None,Projects,Field Engineer,3,1.0,Current
2105,EMP-02105,Employee,None,Projects,QA/QC Inspector,3,4.4,Current
2106,EMP-02106,Employee,None,Marine,Deck Crew,5,5.7,Current
2107,EMP-02107,Employee,None,Engineering,Reliability Engineer,4,11.0,Current
2108,CTR-02108,Contractor,Delta Industrial Services,Drilling,Assistant Driller,1,1.3,Current
2109,CTR-02109,Contractor,Integrated Drilling Services,Drilling,Driller,3,2.8,Current
2110,CTR-02110,Contractor,WestCo Services Ltd,HSE,Occupational Health Officer,2,9.9,Incomplete
2111,CTR-02111,Contractor,Prime Offshore Contractors,Operations,Operations Supervisor,1,6.6,Current
2112,EMP-02112,Employee,None,Drilling,Drilling Supervisor,3,7.0,Current
2113,CTR-02113,Contractor,Delta Industrial Services,HSE,Occupational Health Officer,4,10.5,Due within 30 days
2114,CTR-02114,Contractor,Atlantic Marine Support,Marine,Deck Crew,2,5.7,Current
2115,EMP-02115,Employee,None,Operations,Control Room Operator,3,4.0,Current
2116,CTR-02116,Contractor,Prime Offshore Contractors,Security,Security Supervisor,3,12.0,Expired
2117,CTR-02117,Contractor,SafeBuild Engineering,Operations,Control Room Operator,2,2.8,Current
2118,CTR-02118,Contractor,Atlantic Marine Support,Operations,Production Technician,3,3.7,Current
2119,EMP-02119,Employee,None,Logistics,Warehouse Technician,2,2.3,Current
2120,CTR-02120,Contractor,Delta Industrial Services,Security,Security Officer,2,5.8,Current
2121,CTR-02121,Contractor,Prime Offshore Contractors,Engineering,Electrical Engineer,2,2.4,Current
2122,EMP-02122,Employee,None,Drilling,Driller,4,3.6,Incomplete
2123,CTR-02123,Contractor,Coastal Logistics Ltd,Marine,Deck Officer,3,4.7,Current
2124,EMP-02124,Employee,None,Projects,QA/QC Inspector,2,7.2,Current
2125,EMP-02125,Employee,None,Drilling,Roustabout,2,15.7,Current
2126,EMP-02126,Employee,None,Engineering,Mechanical Engineer,2,4.1,Current
2127,EMP-02127,Employee,None,HSE,Occupational Health Officer,2,3.9,Current
2128,EMP-02128,Employee,None,Engineering,Process Engineer,3,2.9,Due within 30 days
2129,EMP-02129,Employee,None,Engineering,Electrical Engineer,3,15.4,Current
2130,CTR-02130,Contractor,WestCo Services Ltd,Projects,Construction Supervisor,2,1.9,Current
2131,CTR-02131,Contractor,Delta Industrial Services,Maintenance,Maintenance Supervisor,3,9.6,Incomplete
2132,CTR-02132,Contractor,Atlantic Marine Support,Laboratory,Chemist,4,5.8,Current
2133,EMP-02133,Employee,None,Engineering,Mechanical Engineer,2,5.4,Current
2134,EMP-02134,Employee,None,Operations,Operations Supervisor,3,3.6,Current
2135,EMP-02135,Employee,None,Laboratory,Laboratory Technician,2,6.9,Current
2136,EMP-02136,Employee,None,Marine,Crane Operator,2,6.1,Incomplete
2137,CTR-02137,Contractor,Delta Industrial Services,Drilling,Roustabout,2,3.7,Current
2138,CTR-02138,Contractor,Delta Industrial Services,Engineering,Reliability Engineer,2,6.9,Expired
2139,CTR-02139,Contractor,Atlantic Marine Support,Logistics,Forklift Operator,3,8.4,Current
2140,CTR-02140,Contractor,Prime Offshore Contractors,Maintenance,Maintenance Supervisor,2,7.1,Current
2141,CTR-02141,Contractor,Prime Offshore Contractors,Projects,Project Engineer,3,12.3, incomplete 
2142,EMP-02142,Employee,None,HSE,HSE Officer,2,6.1,Due within 30 days
2143,EMP-02143,Employee,None,Marine,Deck Crew,4,18.0,Current
2144,EMP-02144,Employee,None,Engineering,Mechanical Engineer,3,22.7,Current
2145,EMP-02145,Employee,None,Engineering,Process Engineer,3,10.8,Current
2146,EMP-02146,Employee,None,Marine,Deck Crew,4,8.7,Current
2147,CTR-02147,Contractor,WestCo Services Ltd,Maintenance,Mechanical Technician,2,2.4,Current
2148,EMP-02148,Employee,None,Operations,Operations Supervisor,2,3.7,Incomplete
2149,CTR-02149,Contractor,Coastal Logistics Ltd,Engineering,Electrical Engineer,3,4.0,Current
2150,EMP-02150,Employee,None,Marine,Deck Crew,2,1.2,Current
2151,CTR-02151,Contractor,Coastal Logistics Ltd,Laboratory,Chemist,5,9.8,Current
2152,EMP-02152,Employee,None,Maintenance,Maintenance Supervisor,2,12.8,Current
2153,EMP-02153,Employee,None,Operations,Control Room Operator,5,8.1,Current
2154,EMP-02154,Employee,None,Logistics,Logistics Coordinator,3,1.8,Current
2155,EMP-02155,Employee,None,Logistics,Forklift Operator,4,10.8,Expired
2156,EMP-02156,Employee,None,Security,Security Officer,3,4.0,Current
2157,CTR-02157,Contractor,Coastal Logistics Ltd,Security,Security Supervisor,3,10.6,Due within 30 days
2158,EMP-02158,Employee,None,Operations,Control Room Operator,1,5.4,Current
2159,EMP-02159,Employee,None,Laboratory,Sampling Technician,2,5.7,Expired
2160,EMP-02160,Employee,None,Engineering,Reliability Engineer,3,12.8,Current
2161,EMP-02161,Employee,None,Operations,Control Room Operator,3,7.2,Current
2162,CTR-02162,Contractor,Integrated Drilling Services,Laboratory,Laboratory Technician,3,8.0,Current
2163,EMP-02163,Employee,None,Operations,Control Room Operator,2,6.8,Expired
2164,EMP-02164,Employee,None,Maintenance,Maintenance Supervisor,2,6.0,Incomplete
2165,EMP-02165,Employee,None,Maintenance,Maintenance Supervisor,3,10.5,Current
2166,CTR-02166,Contractor,Coastal Logistics Ltd,Operations,Control Room Operator,2,6.6,Incomplete
2167,EMP-02167,Employee,None,Engineering,Reliability Engineer,3,2.3,Current
2168,CTR-02168,Contractor,Delta Industrial Services,Logistics,Warehouse Technician,2,2.0,Current
2169,EMP-02169,Employee,None,Security,Security Supervisor,3,4.5,Current
2170,EMP-02170,Employee,None,HSE,Occupational Health Officer,1,4.6,Due within 30 days
2171,EMP-02171,Employee,None,Projects,Project Engineer,3,12.7,Current
2172,CTR-02172,Contractor,Coastal Logistics Ltd,Operations,Production Technician,2,2.9,Incomplete
2173,EMP-02173,Employee,None,Drilling,Roustabout,3,5.8,Current
2174,CTR-02174,Contractor,SafeBuild Engineering,Security,Security Supervisor,4,12.3,Current
2175,CTR-02175,Contractor,Atlantic Marine Support,Laboratory,Laboratory Technician,3,3.8,Current
2176,EMP-02176,Employee,None,Logistics,Warehouse Technician,3,6.5,Current
2177,CTR-02177,Contractor,Atlantic Marine Support,Drilling,Drilling Supervisor,2,2.9,Expired
2178,EMP-02178,Employee,None,Engineering,Electrical Engineer,2,7.3,Expired
2179,CTR-02179,Contractor,PetroMaint Solutions,Marine,Marine Supervisor,3,10.4,Current
2180,CTR-02180,Contractor,WestCo Services Ltd,Logistics,Forklift Operator,4,8.6,Incomplete
2181,EMP-02181,Employee,None,Operations,Process Operator,3,1.8,Current
2182,CTR-02182,Contractor,Atlantic Marine Support,Laboratory,Laboratory Technician,3,7.8,Current
2183,EMP-02183,Employee,None,Marine,Deck Officer,3,8.0,Current
2184,EMP-02184,Employee,None,Laboratory,Laboratory Technician,3,8.1,Current
2185,EMP-02185,Employee,None,Drilling,Driller,4,9.2,Current
2186,EMP-02186,Employee,None,Drilling,Roustabout,1,1.2,Due within 30 days
2187,EMP-02187,Employee,None,Maintenance,Electrical Technician,4,9.3,Current
2188,CTR-02188,Contractor,Integrated Drilling Services,Security,Security Supervisor,5,20.1,Current
2189,CTR-02189,Contractor,Integrated Drilling Services,Drilling,Driller,3,3.6,Current
2190,EMP-02190,Employee,None,HSE,HSE Officer,3,16.4,Expired
2191,EMP-02191,Employee,None,Laboratory,Sampling Technician,2,6.2,Current
2192,CTR-02192,Contractor,SafeBuild Engineering,Maintenance,Mechanical Technician,3,5.5,Due within 30 days
2193,EMP-02193,Employee,None,Operations,Production Technician,2,5.2,Current
2194,CTR-02194,contractor,Prime Offshore Contractors,Engineering,Electrical Engineer,2,1.3,Incomplete
2195,EMP-02195,Employee,None,Operations,Production Technician,1,1.4,Current
2196,CTR-02196,Contractor,Prime Offshore Contractors,Logistics,Driver,2,7.9,Current
2197,EMP-02197,Employee,None,Drilling,Driller,3,7.4,Current
2198,EMP-02198,Employee,None,Drilling,Driller,5,12.2,Current
2199,CTR-02199,Contractor,Integrated Drilling Services,Laboratory,Laboratory Technician,2,4.3,Current
2200,CTR-02200,Contractor,Atlantic Marine Support,Maintenance,Electrical Technician,2,7.2,Current
2201,CTR-02201,Contractor,Integrated Drilling Services,Logistics,Logistics Coordinator,2,1.9,Current
2202,CTR-02202,Contractor,Integrated Drilling Services,Maintenance,Instrument Technician,2,2.9,Current
2203,CTR-02203,Contractor,Integrated Drilling Services,Projects,Construction Supervisor,3,0.5,Current
2204,CTR-02204,Contractor,Prime Offshore Contractors,Operations,Operations Supervisor,2,17.1,Current
2205,EMP-02205,Employee,None,Engineering,Mechanical Engineer,2,1.5,Current
2206,CTR-02206,Contractor,WestCo Services Ltd,Security,Security Officer,3,12.6,Due within 30 days
2207,EMP-02207,Employee,None,Security,Security Supervisor,3,5.7,Current
2208,EMP-02208,Employee,None,Marine,Deck Officer,2,4.8,Due within 30 days
2209,EMP-02209,Employee,None,Maintenance,Instrument Technician,3,8.1,Current
2210,EMP-02210,Employee,None,Marine,Marine Supervisor,4,13.2,Expired
2211,EMP-02211,Employee,None,Maintenance,Maintenance Supervisor,2,8.5,Current
2212,CTR-02212,Contractor,Coastal Logistics Ltd,Engineering,Electrical Engineer,2,14.3,Current
2213,CTR-02213,Contractor,Delta Industrial Services,Operations,Process Operator,2,6.0,Current
2214,EMP-02214,Employee,None,Engineering,Reliability Engineer,3,4.2,Current
2215,EMP-02215,Employee,None,Drilling,Roustabout,3,9.5,Current
2216,CTR-02216,Contractor,SafeBuild Engineering,Engineering,Mechanical Engineer,2,0.8,Current
2217,EMP-02217,Employee,None,Operations,Process Operator,3,8.4,Due within 30 days
2218,CTR-02218,Contractor,Delta Industrial Services,Engineering,Electrical Engineer,2,6.5,Due within 30 days
2219,EMP-02219,Employee,None,Logistics,Logistics Coordinator,2,5.5,Current
2220,CTR-02220,Contractor,Integrated Drilling Services,Laboratory,Chemist,2,4.7,Current
2221,CTR-02221,Contractor,Coastal Logistics Ltd,Operations,Process Operator,3,3.9,Current
2222,CTR-02222,Contractor,Prime Offshore Contractors,Laboratory,Sampling Technician,4,9.5,Current
2223,EMP-02223,Employee,None,Security,Security Officer,3,4.9,Incomplete
2224,CTR-02224,Contractor,PetroMaint Solutions,Marine,Deck Officer,4,7.7,Current
2225,CTR-02225,Contractor,Atlantic Marine Support,Maintenance,Mechanical Technician,2,1.6,Current
2226,CTR-02226,Contractor,Atlantic Marine Support,Laboratory,Chemist,3,10.3,Expired
2227,EMP-02227,Employee,None,Projects,Construction Supervisor,2,6.0,Current
2228,CTR-02228,Contractor,Delta Industrial Services,Operations,Control Room Operator,5,5.2,Incomplete
2229,EMP-02229,Employee,None,Security,Security Supervisor,2,2.4,Current
2230,CTR-02230,Contractor,PetroMaint Solutions,Marine,Marine Supervisor,2,9.3,Current
2231,EMP-02231,Employee,None,Projects,QA/QC Inspector,3,2.7,Current
2232,EMP-02232,Employee,None,HSE,HSE Officer,3,9.6,Due within 30 days
2233,CTR-02233,Contractor,Atlantic Marine Support,Marine,Marine Technician,3,6.8,Current
2234,EMP-02234,Employee,None,Logistics,Warehouse Technician,4,8.0,Current
2235,EMP-02235,Employee,None,Operations,Operations Supervisor,4,26.4,Incomplete
2236,EMP-02236,Employee,None,Projects,Project Engineer,2,3.9,Current
2237,EMP-02237,Employee,None,Projects,Project Engineer,1,1.9,Current
2238,EMP-02238,Employee,None,HSE,HSE Officer,4,1.2,Current
2239,EMP-02239,Employee,None,Logistics,Forklift Operator,1,5.7,Current
2240,EMP-02240,Employee,None,Drilling,Driller,2,10.2,Current
2241,CTR-02241,Contractor,WestCo Services Ltd,Marine,Deck Officer,4,4.3,Due within 30 days
2242,CTR-02242,Contractor,Atlantic Marine Support,HSE,Occupational Health Officer,2,7.4,Expired
2243,EMP-02243,Employee,None,Security,Security Supervisor,3,5.3,Current
2244,EMP-02244,Employee,None,Operations,Operations Supervisor,1,3.3,Current
2245,CTR-02245,Contractor,WestCo Services Ltd,Engineering,Process Engineer,3,4.3,Expired
2246,CTR-02246,Contractor,Delta Industrial Services,Logistics,Driver,1,1.6,Current
2247,CTR-02247,Contractor,Integrated Drilling Services,HSE,HSE Officer,3,5.4,Current
2248,CTR-02248,Contractor,Delta Industrial Services,Operations,Process Operator,1,5.8,Current
2249,EMP-02249,Employee,None,Operations,Operations Supervisor,3,3.6,Current
2250,EMP-02250,Employee,None,Maintenance,Mechanical Technician,4,5.2,Current
2251,CTR-02251,Contractor,Atlantic Marine Support,HSE,HSE Advisor,2,0.7,Current
2252,CTR-02252,Contractor,WestCo Services Ltd,Drilling,Driller,2,4.4,Current
2253,CTR-02253,Contractor,SafeBuild Engineering,HSE,Occupational Health Officer,3,17.3,Current
2254,CTR-02254,Contractor,Delta Industrial Services,Marine,Deck Crew,2,11.9,Due within 30 days
2255,CTR-02255,Contractor,SafeBuild Engineering,Logistics,Forklift Operator,4,15.9,Expired
2256,EMP-02256,Employee,None,Marine,Marine Technician,1,0.6,Current
2257,CTR-02257,Contractor,Integrated Drilling Services,Security,Security Supervisor,2,5.3,Current
2258,EMP-02258,Employee,None,Operations,Process Operator,2,17.2,Current
2259,EMP-02259,Employee,None,HSE,Environmental Officer,4,9.4,Current
2260,CTR-02260,Contractor,PetroMaint Solutions,Logistics,Forklift Operator,2,2.5,Current
2261,CTR-02261,Contractor,Atlantic Marine Support,Projects,Project Engineer,2,10.4,Expired
2262,CTR-02262,Contractor,WestCo Services Ltd,Drilling,Derrickhand,4,24.0,Current
2263,EMP-02263,Employee,None,Laboratory,Chemist,4,10.7,Due within 30 days
2264,EMP-02264,Employee,None,Marine,Marine Technician,3,17.8,Due within 30 days
2265,EMP-02265,Employee,None,HSE,HSE Officer,2,15.6,Current
2266,EMP-02266,Employee,None,Operations,Process Operator,4,13.2,Expired
2267,CTR-02267,Contractor,Integrated Drilling Services,Drilling,Assistant Driller,3,11.6,Current
2268,EMP-02268,Employee,None,Marine,Marine Technician,2,1.8,Current
2269,CTR-02269,Contractor,Integrated Drilling Services,Laboratory,Laboratory Technician,3,13.1,Due within 30 days
2270,EMP-02270,Employee,None,Engineering,Process Engineer,1,3.4,Incomplete
2271,EMP-02271,Employee,None,HSE,Occupational Health Officer,3,17.9,Current
2272,EMP-02272,Employee,None,Engineering,Reliability Engineer,3,5.4,Current
2273,CTR-02273,Contractor,Coastal Logistics Ltd,Engineering,Process Engineer,3,6.6,Current
2274,CTR-02274,Contractor,Prime Offshore Contractors,HSE,HSE Officer,3,3.7,Incomplete
2275,CTR-02275,Contractor,WestCo Services Ltd,Engineering,Reliability Engineer,3,13.1,Current
2276,EMP-02276,Employee,None,Maintenance,Electrical Technician,3,2.5,Current
2277,EMP-02277,Employee,None,Laboratory,Laboratory Technician,3,19.6,Current
2278,CTR-02278,Contractor,Atlantic Marine Support,Marine,Deck Officer,3,9.1,Current
2279,CTR-02279,Contractor,Integrated Drilling Services,Logistics,Driver,3,6.4,Current
2280,CTR-02280,Contractor,Delta Industrial Services,Laboratory,Sampling Technician,3,16.7,Current
2281,CTR-02281,Contractor,Integrated Drilling Services,Operations,Control Room Operator,3,8.3,Current
2282,EMP-02282,Employee,None,Operations,Production Technician,4,15.7,Current
2283,CTR-02283,Contractor,PetroMaint Solutions,Projects,Construction Supervisor,2,7.3,Due within 30 days
2284,EMP-02284,Employee,None,Maintenance,Maintenance Supervisor,2,6.4,Current
2285,EMP-02285,Employee,None,Operations,Production Technician,1,6.1,Current
2286,CTR-02286,Contractor,Delta Industrial Services,Projects,QA/QC Inspector,3,12.1,Due within 30 days
2287,CTR-02287,Contractor,Delta Industrial Services,Maintenance,Mechanical Technician,4,6.2,Current
2288,EMP-02288,Employee,None,Projects,Project Engineer,2,7.2,Current
2289,CTR-02289,Contractor,Atlantic Marine Support,Security,Security Supervisor,2,7.1,Current
2290,EMP-02290,Employee,None,Security,Security Supervisor,2,0.6,Current
2291,EMP-02291,Employee,None,Marine,Marine Technician,2,5.7,Current
2292,EMP-02292,Employee,None,HSE,HSE Advisor,4,7.5,Current
2293,EMP-02293,employee,None,Security,Security Supervisor,3,10.2,Current
2294,EMP-02294,Employee,None,Laboratory,Sampling Technician,2,10.0,Expired
2295,CTR-02295,Contractor,Delta Industrial Services,Security,Security Officer,2,6.6,Current
2296,CTR-02296,Contractor,Integrated Drilling Services,Engineering,Electrical Engineer,3,8.3,Current
2297,CTR-02297,Contractor,Delta Industrial Services,Operations,Operations Supervisor,2,1.1,Current
2298,CTR-02298,Contractor,Delta Industrial Services,Marine,Deck Officer,2,1.3,Current
2299,EMP-02299,Employee,None,HSE,HSE Officer,5,9.7,Current
2300,EMP-02300,Employee,None,Maintenance,Electrical Technician,2,7.4,Current
2301,EMP-02301,Employee,None,Engineering,Mechanical Engineer,3,15.3,Expired
2302,CTR-02302,Contractor,WestCo Services Ltd,Operations,Control Room Operator,1,4.6,Current
2303,CTR-02303,Contractor,WestCo Services Ltd,Maintenance,Instrument Technician,1,3.4,Current
2304,CTR-02304,Contractor,Integrated Drilling Services,Laboratory,Chemist,5,18.2,Current
2305,CTR-02305,Contractor,Coastal Logistics Ltd,HSE,HSE Advisor,2,2.5,Current
2306,EMP-02306,Employee,None,Drilling,Roustabout,2,3.0,Due within 30 days
2307,CTR-02307,Contractor,Integrated Drilling Services,Operations,Control Room Operator,2,7.9,Due within 30 days
2308,CTR-02308,Contractor,WestCo Services Ltd,Projects,Construction Supervisor,2,1.9,Due within 30 days
2309,CTR-02309,Contractor,PetroMaint Solutions,Laboratory,Chemist,2,1.6,Current
2310,EMP-02310,Employee,None,Projects,Construction Supervisor,3,9.2,Expired
2311,CTR-02311,Contractor,SafeBuild Engineering,Drilling,Roustabout,4,5.0,Current
2312,EMP-02312,Employee,None,Projects,Project Engineer,2,2.2,Due within 30 days
2313,CTR-02313,Contractor,Coastal Logistics Ltd,Drilling,Assistant Driller,3,5.3,Current
2314,EMP-02314,Employee,None,Logistics,Logistics Coordinator,2,1.8,Current
2315,EMP-02315,Employee,None,Logistics,Warehouse Technician,3,6.7,Current
2316,EMP-02316,Employee,None,Laboratory,Laboratory Technician,1,2.9,Current
2317,EMP-02317,Employee,None,Drilling,Assistant Driller,2,2.1,Current
2318,CTR-02318,Contractor,SafeBuild Engineering,Drilling,Assistant Driller,2,17.6,Current
2319,EMP-02319,Employee,None,Logistics,Driver,3,9.9,Incomplete
2320,EMP-02320,Employee,None,Logistics,Driver,3,7.9,Current
2321,EMP-02321,Employee,None,Logistics,Driver,3,6.0,Due within 30 days
2322,CTR-02322,Contractor,Integrated Drilling Services,Operations,Process Operator,5,4.0,Incomplete
2323,EMP-02323,Employee,None,Laboratory,Laboratory Technician,2,16.7,Current
2324,CTR-02324,Contractor,Prime Offshore Contractors,Security,Security Officer,4,11.4,Current
2325,CTR-02325,Contractor,Prime Offshore Contractors,Drilling,Drilling Supervisor,2,1.8,Current
2326,EMP-02326,Employee,None,Marine,Marine Supervisor,2,2.1,Current
2327,EMP-02327,Employee,None,Operations,Production Technician,2,3.6,Current
2328,CTR-02328,Contractor,Prime Offshore Contractors,Logistics,Logistics Coordinator,4,11.5,Current
2329,CTR-02329,Contractor,Coastal Logistics Ltd,Drilling,Drilling Supervisor,5,19.9,Current
2330,EMP-02330,Employee,None,Operations,Control Room Operator,2,8.1,Current
2331,CTR-02331,Contractor,Integrated Drilling Services,Projects,Project Engineer,2,2.8,Due within 30 days
2332,EMP-02332,Employee,None,Operations,Process Operator,3,4.8,Current
2333,EMP-02333,Employee,None,Security,Security Officer,2,7.2,Current
2334,EMP-02334,Employee,None,HSE,Occupational Health Officer,1,4.1,Current
2335,EMP-02335,Employee,None,Projects,Field Engineer,2,5.4,Current
2336,CTR-02336,Contractor,SafeBuild Engineering,Security,Security Officer,4,11.2,Current
2337,CTR-02337,Contractor,SafeBuild Engineering,Drilling,Roustabout,1,1.4,Incomplete
2338,EMP-02338,Employee,None,Laboratory,Chemist,3,5.2,Incomplete
2339,CTR-02339,Contractor,Atlantic Marine Support,Logistics,Driver,2,2.6,Current
2340,CTR-02340,Contractor,WestCo Services Ltd,HSE,Occupational Health Officer,4,4.6,Incomplete
2341,CTR-02341,Contractor,Delta Industrial Services,Marine,Crane Operator,2,1.3,Current
2342,EMP-02342,Employee,None,Security,Security Officer,3,10.1,Current
2343,EMP-02343,Employee,None,Laboratory,Sampling Technician,3,5.9,Current
2344,EMP-02344,Employee,None,Engineering,Electrical Engineer,4,32.0,Current
2345,EMP-02345,Employee,None,Laboratory,Sampling Technician,3,4.5,Incomplete
2346,CTR-02346,Contractor,Atlantic Marine Support,Engineering,Electrical Engineer,2,4.4,Current
2347,CTR-02347,Contractor,Prime Offshore Contractors,Drilling,Drilling Supervisor,3,3.7,Current
2348,EMP-02348,Employee,None,Projects,Project Engineer,4,9.5,Current
2349,EMP-02349,Employee,None,Drilling,Roustabout,2,10.9,Current
2350,CTR-02350,Contractor,SafeBuild Engineering,HSE,Environmental Officer,3,5.7,Current
2351,EMP-02351,Employee,None,HSE,HSE Advisor,3,8.8,Current
2352,CTR-02352,Contractor,Delta Industrial Services,HSE,HSE Officer,4,2.9,Current
2353,CTR-02353,Contractor,Integrated Drilling Services,Engineering,Process Engineer,2,6.4,Current
2354,CTR-02354,Contractor,WestCo Services Ltd,Security,Security Supervisor,3,6.6,Current
2355,CTR-02355,Contractor,Integrated Drilling Services,Operations,Operations Supervisor,3,8.0,Current
2356,EMP-02356,Employee,None,Security,Security Supervisor,2,4.4,Current
2357,CTR-02357,Contractor,SafeBuild Engineering,Operations,Operations Supervisor,3,6.2,Incomplete
2358,EMP-02358,Employee,None,Projects,QA/QC Inspector,3,9.1,Current
2359,CTR-02359,Contractor,Prime Offshore Contractors,Laboratory,Chemist,3,10.8,Due within 30 days
2360,EMP-02360,Employee,None,Logistics,Logistics Coordinator,2,1.5,Current
2361,CTR-02361,Contractor,Coastal Logistics Ltd,Laboratory,Laboratory Technician,2,5.7,Current
2362,CTR-02362,Contractor,SafeBuild Engineering,Maintenance,Instrument Technician,1,0.6,Current
2363,CTR-02363,Contractor,Delta Industrial Services,Operations,Production Technician,2,4.0,Current
2364,CTR-02364,Contractor,Prime Offshore Contractors,Drilling,Drilling Supervisor,2,2.4,Current
2365,EMP-02365,Employee,None,Logistics,Driver,2,12.9,Current
2366,EMP-02366,Employee,None,Operations,Production Technician,2,6.2,Current
2367,CTR-02367,Contractor,PetroMaint Solutions,Security,Security Officer,2,7.2,Current
2368,EMP-02368,Employee,None,Laboratory,Laboratory Technician,2,4.2,Due within 30 days
2369,CTR-02369,Contractor,Delta Industrial Services,Drilling,Driller,3,5.9,Current
2370,CTR-02370,Contractor,Delta Industrial Services,Security,Security Supervisor,3,1.9,Current
2371,EMP-02371,Employee,None,HSE,Occupational Health Officer,3,8.5,Current
2372,EMP-02372,Employee,None,Logistics,Forklift Operator,4,8.8,Current
2373,CTR-02373,Contractor,Coastal Logistics Ltd,HSE,Environmental Officer,4,15.4,Current
2374,EMP-02374,Employee,None,Operations,Operations Supervisor,2,4.6,Current
2375,EMP-02375,Employee,None,Logistics,Logistics Coordinator,3,5.3,Current
2376,CTR-02376,Contractor,Delta Industrial Services,HSE,HSE Advisor,1,2.9,Expired
2377,CTR-02377,Contractor,WestCo Services Ltd,Maintenance,Mechanical Technician,4,14.4,Current
2378,EMP-02378,Employee,None,Drilling,Derrickhand,3,3.6,Current
2379,EMP-02379,Employee,None,Marine,Marine Supervisor,3,6.7,Expired
2380,EMP-02380,Employee,None,Operations,Control Room Operator,2,3.4,Current
2381,CTR-02381,Contractor,Prime Offshore Contractors,Drilling,Drilling Supervisor,2,4.0,Due within 30 days
2382,EMP-02382,Employee,None,Operations,Production Technician,2,3.9,Current
2383,EMP-02383,Employee,None,Laboratory,Laboratory Technician,1,1.9,Current
2384,EMP-02384,Employee,None,Logistics,Warehouse Technician,2,1.2,Current
2385,CTR-02385,Contractor,SafeBuild Engineering,Logistics,Logistics Coordinator,2,4.4,Current
2386,CTR-02386,Contractor,Integrated Drilling Services,Projects,Construction Supervisor,4,9.6,Current
2387,EMP-02387,Employee,None,Engineering,Reliability Engineer,4,9.8,Current
2388,CTR-02388,Contractor,SafeBuild Engineering,Logistics,Forklift Operator,3,7.6,Current
2389,CTR-02389,Contractor,Coastal Logistics Ltd,Operations,Control Room Operator,2,3.5,Current
2390,EMP-02390,Employee,None,HSE,Environmental Officer,2,4.5,Incomplete
2391,CTR-02391,Contractor,Atlantic Marine Support,HSE,HSE Advisor,3,13.9,Incomplete
2392,CTR-02392,Contractor,Delta Industrial Services,Marine,Deck Officer,3,9.9,Current
2393,CTR-02393,Contractor,PetroMaint Solutions,Engineering,Electrical Engineer,2,2.0,Current
2394,CTR-02394,Contractor,Integrated Drilling Services,Engineering,Electrical Engineer,1,0.9,Current
2395,EMP-02395,Employee,None,Operations,Production Technician,3,8.8,Incomplete
2396,CTR-02396,Contractor,WestCo Services Ltd,Maintenance,Instrument Technician,2,4.9,Current
2397,CTR-02397,Contractor,Integrated Drilling Services,Projects,Construction Supervisor,4,9.7,Due within 30 days
2398,CTR-02398,Contractor,SafeBuild Engineering,Logistics,Warehouse Technician,2,4.4,Current
2399,CTR-02399,Contractor,Coastal Logistics Ltd,HSE,HSE Officer,1,0.8,Current
2400,EMP-02400,Employee,None,Logistics,Driver,3,10.0,Current
2401,EMP-02401,Employee,None,Projects,Field Engineer,3,6.8,Current
2402,CTR-02402,Contractor,Atlantic Marine Support,Logistics,Forklift Operator,2,5.0,Due within 30 days
2403,EMP-02403,Employee,None,Security,Security Supervisor,2,13.3,Current
2404,EMP-02404,Employee,None,Marine,Deck Crew,2,5.0,Current
2405,CTR-02405,Contractor,Delta Industrial Services,Security,Security Officer,4,19.4,Current
2406,CTR-02406,Contractor,Atlantic Marine Support,Security,Security Officer,3,4.5,Due within 30 days
2407,CTR-02407,Contractor,WestCo Services Ltd,Logistics,Forklift Operator,2,2.6,Due within 30 days
2408,CTR-02408,Contractor,SafeBuild Engineering,Maintenance,Electrical Technician,1,7.8,Current
2409,EMP-02409,Employee,None,Logistics,Driver,3,6.6,Current
2410,CTR-02410,Contractor,PetroMaint Solutions,Laboratory,Laboratory Technician,3,17.8,Current
2411,EMP-02411,Employee,None,HSE,Occupational Health Officer,2,5.5,Current
2412,CTR-02412,Contractor,PetroMaint Solutions,Logistics,Driver,2,12.8,Current
2413,EMP-02413,Employee,None,Marine,Deck Officer,4,25.1,Current
2414,EMP-02414,Employee,None,Drilling,Driller,2,7.7,Current
2415,EMP-02415,Employee,None,Projects,Field Engineer,2,3.3,Expired
2416,EMP-02416,Employee,None,Logistics,Warehouse Technician,2,5.5,Current
2417,CTR-02417,Contractor,PetroMaint Solutions,HSE,HSE Officer,2,2.1,Current
2418,CTR-02418,Contractor,SafeBuild Engineering,Projects,Field Engineer,2,3.1,Due within 30 days
2419,CTR-02419,Contractor,PetroMaint Solutions,Drilling,Derrickhand,3,14.1,Current
2420,CTR-02420,Contractor,Coastal Logistics Ltd,Maintenance,Mechanical Technician,4,10.0,Expired
2421,EMP-02421,Employee,None,HSE,HSE Advisor,2,1.3,Current
2422,CTR-02422,Contractor,WestCo Services Ltd,Drilling,Assistant Driller,2,1.7,Expired
2423,EMP-02423,Employee,None,Security,Security Supervisor,3,14.1,Current
2424,EMP-02424,Employee,None,Logistics,Logistics Coordinator,4,3.2,Due within 30 days
2425,EMP-02425,Employee,None,Drilling,Roustabout,2,1.7,Current
2426,EMP-02426,Employee,None,Security,Security Supervisor,2,4.9,Current
2427,EMP-02427,Employee,None,Marine,Deck Crew,2,7.9,Current
2428,CTR-02428,Contractor,WestCo Services Ltd,Projects,QA/QC Inspector,2,4.7,Due within 30 days
2429,EMP-02429,Employee,None,Security,Security Officer,2,4.8,Expired
2430,EMP-02430,Employee,None,Marine,Deck Crew,3,2.8,Current
2431,EMP-02431,Employee,None,Operations,Production Technician,3,3.5,Current
2432,EMP-02432,Employee,None,Operations,Control Room Operator,2,4.2,Current
2433,CTR-02433,Contractor,SafeBuild Engineering,Projects,Field Engineer,3,14.3,Current
2434,CTR-02434,Contractor,SafeBuild Engineering,Maintenance,Electrical Technician,2,5.0,Due within 30 days
2435,CTR-02435,Contractor,Delta Industrial Services,Marine,Marine Technician,3,15.3,Current
2436,CTR-02436,Contractor,Delta Industrial Services,Maintenance,Instrument Technician,2,15.4,Current
2437,EMP-02437,Employee,None,Projects,Project Engineer,4,11.7,Current
2438,EMP-02438,Employee,None,Drilling,Roustabout,2,7.2,Current
2439,EMP-02439,Employee,None,HSE,HSE Officer,2,1.3,Current
2440,EMP-02440,Employee,None,Logistics,Logistics Coordinator,3,10.5,Expired
2441,EMP-02441,Employee,None,Maintenance,Mechanical Technician,1,1.7,Current
2442,CTR-02442,Contractor,SafeBuild Engineering,Laboratory,Chemist,3,12.7,Current
2443,CTR-02443,Contractor,Atlantic Marine Support,Maintenance,Maintenance Supervisor,3,10.3,Current
2444,EMP-02444,Employee,None,Drilling,Driller,2,5.0,Current
2445,CTR-02445,Contractor,Delta Industrial Services,Operations,Process Operator,2,5.0,Due within 30 days
2446,EMP-02446,Employee,None,Maintenance,Electrical Technician,2,2.7,Current
2447,CTR-02447,Contractor,WestCo Services Ltd,HSE,HSE Advisor,2,3.1,Current
2448,CTR-02448,Contractor,Integrated Drilling Services,Engineering,Process Engineer,2,6.4,Current
2449,EMP-02449,Employee,None,Laboratory,Laboratory Technician,3,8.7,Current
2450,CTR-02450,Contractor,SafeBuild Engineering,HSE,HSE Officer,2,17.0,Incomplete
2451,CTR-02451,Contractor,Integrated Drilling Services,Logistics,Forklift Operator,3,3.5,Expired
2452,EMP-02452,Employee,None,Logistics,Forklift Operator,4,10.7,Current
2453,EMP-02453,Employee,None,Maintenance,Maintenance Supervisor,4,10.4,Current
2454,EMP-02454,Employee,None,Laboratory,Laboratory Technician,1,0.5,Current
2455,EMP-02455,Employee,None,Engineering,Process Engineer,2,6.2,Expired
2456,CTR-02456,Contractor,Coastal Logistics Ltd,Marine,Deck Officer,2,5.8,Current
2457,CTR-02457,Contractor,Coastal Logistics Ltd,Engineering,Process Engineer,3,9.5,Expired
2458,CTR-02458,Contractor,Atlantic Marine Support,Security,Security Supervisor,2,2.2,Current
2459,EMP-02459,Employee,None,Drilling,Drilling Supervisor,2,9.4,Due within 30 days
2460,EMP-02460,Employee,None,Marine,Marine Supervisor,3,1.2,Current
2461,CTR-02461,Contractor,Coastal Logistics Ltd,Maintenance,Maintenance Supervisor,4,1.5,Expired
2462,EMP-02462,Employee,None,Projects,QA/QC Inspector,4,4.9,Incomplete
2463,EMP-02463,Employee,None,Security,Security Officer,5,11.1,Current
2464,CTR-02464,Contractor,Integrated Drilling Services,HSE,Occupational Health Officer,2,3.4,Current
2465,CTR-02465,Contractor,WestCo Services Ltd,Logistics,Warehouse Technician,2,3.9,Incomplete
2466,CTR-02466,Contractor,Atlantic Marine Support,HSE,HSE Officer,2,6.0,Current
2467,EMP-02467,Employee,None,Marine,Marine Supervisor,2,0.4,Current
2468,CTR-02468,Contractor,Delta Industrial Services,Projects,Field Engineer,5,8.9,Current
2469,EMP-02469,Employee,None,HSE,HSE Officer,2,3.5,Current
2470,CTR-02470,Contractor,WestCo Services Ltd,Drilling,Assistant Driller,2,4.4,Current
2471,EMP-02471,Employee,None,Drilling,Assistant Driller,2,10.8,Current
2472,EMP-02472,Employee,None,Maintenance,Maintenance Supervisor,2,5.9,Current
2473,CTR-02473,Contractor,Delta Industrial Services,Laboratory,Laboratory Technician,4,11.1,Due within 30 days
2474,CTR-02474,Contractor,Delta Industrial Services,Security,Security Supervisor,5,16.6,Current
2475,EMP-02475,Employee,None,Operations,Operations Supervisor,2,2.4,Current
2476,EMP-02476,Employee,None,Engineering,Process Engineer,2,0.5, due within 30 days 
2477,CTR-02477,Contractor,Prime Offshore Contractors,HSE,Occupational Health Officer,3,10.0,Expired
2478,EMP-02478,Employee,None,Laboratory,Laboratory Technician,3,14.6,Due within 30 days
2479,EMP-02479,Employee,None,Marine,Crane Operator,3,8.1,Expired
2480,CTR-02480,Contractor,SafeBuild Engineering,Operations,Production Technician,3,11.5,Current
2481,EMP-02481,Employee,None,Engineering,Mechanical Engineer,3,4.1,Current
2482,EMP-02482,Employee,None,Laboratory,Chemist,2,2.4,Current
2483,CTR-02483,Contractor,Delta Industrial Services,Laboratory,Chemist,2,3.9,Current
2484,EMP-02484,Employee,None,HSE,Occupational Health Officer,2,10.3,Current
2485,CTR-02485,Contractor,Delta Industrial Services,Maintenance,Instrument Technician,2,1.8,Incomplete
2486,EMP-02486,Employee,None,Drilling,Driller,3,2.0,Current
2487,EMP-02487,Employee,None,Drilling,Derrickhand,2,6.7,Incomplete
2488,EMP-02488,Employee,None,Engineering,Mechanical Engineer,2,7.6,Current
2489,EMP-02489,Employee,None,Operations,Production Technician,3,4.1,Current
2490,CTR-02490,Contractor,Coastal Logistics Ltd,Logistics,Logistics Coordinator,2,5.6,Current
2491,EMP-02491,Employee,None,Drilling,Driller,2,1.0,Current
2492,CTR-02492,Contractor,Atlantic Marine Support,Marine,Deck Officer,3,3.9,Due within 30 days
2493,EMP-02493,Employee,None,Security,Security Officer,1,1.2,Current
2494,EMP-02494,Employee,None,Laboratory,Sampling Technician,2,11.1,Incomplete
2495,EMP-02495,Employee,None,Logistics,Forklift Operator,3,9.3, current 
2496,CTR-02496,Contractor,Delta Industrial Services,Logistics,Warehouse Technician,2,2.9,Due within 30 days
2497,EMP-02497,Employee,None,Logistics,Warehouse Technician,2,7.0,Current
2498,EMP-02498,Employee,None,HSE,HSE Advisor,4,11.7,Expired
2499,CTR-02499,Contractor,Delta Industrial Services,Laboratory,Laboratory Technician,3,6.9,Current
2500,CTR-02500,Contractor,Delta Industrial Services,Operations,Process Operator,3,4.5,Current
